codigoinsitucion,nombreinstitucion,nitinstitucion,codigopadreinstitucion,tipoinstitucion,codigodepartamento,nombredeparamento,codigomunicipio,nombremunicipio,codigoordeninstitucional,nombreordeninstitucional,codigoorigeninstitucional,nombreorigeninstitucional,codigocaracterinstitucional,nombrecaracterinstitucional,codigotipoacreditacion,nombretipoacreditacion,codigotipomarcocreacion,numeromarcocreacion,nombretipomarcocreacion
2813,ESCUELA DE INGENIERIA DE ANTIOQUIA,890.983.722-6,,PRINCIPAL,5,ANTIOQUIA,5001,MEDELLIN,7,CORPORACION,2,PRIVADA,3,INSTITUCION UNIVERSITARIA/ESCUELA TECNOLOGICA,3,REGISTRO ALTA CALIDAD,7,20120,RESOLUCION
4710,POLITECNICO INDOAMERICANO,NO DISPONIBLE,,PRINCIPAL,11,BOGOTA D.C,11001,BOGOT¿ D.C.,6,FUNDACION,2,PRIVADA,1,INSTITUCION TECNICA PROFESIONAL,4,N/A,7,9168,RESOLUCION
9114,SERVICIO NACIONAL DE APRENDIZAJE-SENA-,899.999.034-1,9110,SECCIONAL,63,QUINDIO,63001,ARMENIA,5,NACIONAL,1,OFICIAL,2,INSTITUCION TECNOLOGICA,4,N/A,19,30,NO INFORMA
3204,TECNOLOGICO DE ANTIOQUIA,NO INFORMA,,PRINCIPAL,5,ANTIOQUIA,5001,MEDELLIN,4,DEPARTAMENTAL,1,OFICIAL,3,INSTITUCION UNIVERSITARIA/ESCUELA TECNOLOGICA,4,N/A,3,262,DECRETO
1221,UNIVERSIDAD DE ANTIOQUIA,890.980.040-8,1201,SECCIONAL,5,ANTIOQUIA,5154,CAUCASIA,4,DEPARTAMENTAL,1,OFICIAL,4,UNIVERSIDAD,4,N/A,19,SIN DATO,NO INFORMA
2104,ESCUELA SUPERIOR DE ADMINISTRACION PUBLICA-ESAP-,899.999.054-7,,PRINCIPAL,11,BOGOTA D.C,11001,BOGOT¿ D.C.,5,NACIONAL,1,OFICIAL,3,INSTITUCION UNIVERSITARIA/ESCUELA TECNOLOGICA,4,N/A,5,19,LEY
1735,UNIVERSIDAD MANUELA BELTRAN-UMB-,860.517.647-5,,PRINCIPAL,11,BOGOTA D.C,11001,BOGOT¿ D.C.,6,FUNDACION,2,PRIVADA,4,UNIVERSIDAD,4,N/A,7,11110,RESOLUCION
4803,CORPORACION POLITECNICO COLOMBO ANDINO,860.508.517-8,,PRINCIPAL,11,BOGOTA D.C,11001,BOGOT¿ D.C.,7,CORPORACION,2,PRIVADA,1,INSTITUCION TECNICA PROFESIONAL,4,N/A,7,2026,RESOLUCION
9900,CORPORACION UNIVERSITARIA DE CIENCIA Y TECNOLOGIA DE COLOMBIA,900378694-9,,PRINCIPAL,5,ANTIOQUIA,5001,MEDELLIN,7,CORPORACION,2,PRIVADA,3,INSTITUCION UNIVERSITARIA/ESCUELA TECNOLOGICA,4,N/A,19,6731,NO INFORMA
3716,TECNOLOGICA FITEC,800.189.702,,PRINCIPAL,68,SANTANDER,68001,BUCARAMANGA,6,FUNDACION,2,PRIVADA,2,INSTITUCION TECNOLOGICA,4,N/A,7,5,RESOLUCION
1108,UNIVERSIDAD PEDAGOGICA Y TECNOLOGICA DE COLOMBIA - UPTC,891800330-1,1106,SECCIONAL,15,BOYACA,15759,SOGAMOSO,5,NACIONAL,1,OFICIAL,4,UNIVERSIDAD,3,REGISTRO ALTA CALIDAD,3,2655,DECRETO
4829,CORPORACION INTERAMERICANA DE EDUCACION SUPERIOR-CORPOCIDES,890.204.702,,PRINCIPAL,68,SANTANDER,68001,BUCARAMANGA,7,CORPORACION,2,PRIVADA,1,INSTITUCION TECNICA PROFESIONAL,4,N/A,7,80,RESOLUCION
1111,UNIVERSIDAD TECNOLOGICA DE PEREIRA - UTP,891.480.035-9,,PRINCIPAL,66,RISARALDA,66001,PEREIRA,5,NACIONAL,1,OFICIAL,4,UNIVERSIDAD,3,REGISTRO ALTA CALIDAD,5,41,LEY
1817,UNIVERSIDAD COOPERATIVA DE COLOMBIA,860.029.924-7,1818,SECCIONAL,68,SANTANDER,68001,BUCARAMANGA,7,CORPORACION,2,PRIVADA,4,UNIVERSIDAD,4,N/A,19,SIN DATO,NO INFORMA
1222,UNIVERSIDAD DE ANTIOQUIA,890.980.040-8,1201,SECCIONAL,5,ANTIOQUIA,5579,PUERTO BERRIO,4,DEPARTAMENTAL,1,OFICIAL,4,UNIVERSIDAD,4,N/A,19,SIN DATO,NO INFORMA
2823,CORPORACION UNIVERSITARIA DEL CARIBE - CECAR,892.201.263-1,,PRINCIPAL,70,SUCRE,70001,SINCELEJO,7,CORPORACION,2,PRIVADA,3,INSTITUCION UNIVERSITARIA/ESCUELA TECNOLOGICA,4,N/A,7,7786,RESOLUCION
2730,FUNDACION ESCUELA COLOMBIANA DE REHABILITACION,830.011.184-5,,PRINCIPAL,11,BOGOTA D.C,11001,BOGOT¿ D.C.,6,FUNDACION,2,PRIVADA,3,INSTITUCION UNIVERSITARIA/ESCUELA TECNOLOGICA,4,N/A,7,5090,RESOLUCION
3808,CORPORACION TECNOLOGICA DE BOGOTA - CTB,860.404.351-5,,PRINCIPAL,11,BOGOTA D.C,11001,BOGOT¿ D.C.,7,CORPORACION,2,PRIVADA,2,INSTITUCION TECNOLOGICA,4,N/A,7,6271,RESOLUCION
9113,SERVICIO NACIONAL DE APRENDIZAJE-SENA-,899.999.034-1,9110,SECCIONAL,25,CUNDINAMARCA,25473,MOSQUERA,5,NACIONAL,1,OFICIAL,2,INSTITUCION TECNOLOGICA,4,N/A,19,30,NO INFORMA
1812,UNIVERSIDAD DE MEDELLIN,890.902.920-1,,PRINCIPAL,5,ANTIOQUIA,5001,MEDELLIN,7,CORPORACION,2,PRIVADA,4,UNIVERSIDAD,3,REGISTRO ALTA CALIDAD,7,103,RESOLUCION
1802,UNIVERSIDAD LA GRAN COLOMBIA,860.015.685,1801,SECCIONAL,63,QUINDIO,63001,ARMENIA,7,CORPORACION,2,PRIVADA,4,UNIVERSIDAD,4,N/A,7,47,RESOLUCION
3831,CORPORACION UNIVERSITARIA COMFACAUCA - UNICOMFACAUCA,817.004.535,,PRINCIPAL,19,CAUCA,19001,POPAYAN,7,CORPORACION,2,PRIVADA,3,INSTITUCION UNIVERSITARIA/ESCUELA TECNOLOGICA,4,N/A,7,597,RESOLUCION
2302,INSTITUCION UNIVERSITARIA DE ENVIGADO,811.000.278,,PRINCIPAL,5,ANTIOQUIA,5266,ENVIGADO,3,MUNICIPAL,1,OFICIAL,3,INSTITUCION UNIVERSITARIA/ESCUELA TECNOLOGICA,4,N/A,1,44,ACUERDO
1720,UNIVERSIDAD MARIANA,800.092.198-5,,PRINCIPAL,52,NARINIO,52001,PASTO,6,FUNDACION,2,PRIVADA,4,UNIVERSIDAD,4,N/A,7,230,RESOLUCION
9918,INSTITUCION UNIVERSITARIA CONOCIMIENTO E INNOVACION PARA LA JUSTICIA - CIJ,79357338,,PRINCIPAL,25,CUNDINAMARCA,25214,COTA,5,NACIONAL,1,OFICIAL,3,INSTITUCION UNIVERSITARIA/ESCUELA TECNOLOGICA,4,N/A,5,1654,LEY
2102,UNIVERSIDAD NACIONAL ABIERTA Y A DISTANCIA UNAD,860.512.780-4,,PRINCIPAL,11,BOGOTA D.C,11001,BOGOT¿ D.C.,5,NACIONAL,1,OFICIAL,4,UNIVERSIDAD,4,N/A,5,52,LEY
9109,INSTITUTO TECNOLOGICO DE ELECTRONICA Y COMUNICACIONES-ITEC-,NO INFORMA,,PRINCIPAL,11,BOGOTA D.C,11001,BOGOT¿ D.C.,5,NACIONAL,1,OFICIAL,2,INSTITUCION TECNOLOGICA,4,N/A,19,SIN DATO,NO INFORMA
3725,FUNDACION TECNOLOGICA ALBERTO MERANI,900019885-1,,PRINCIPAL,11,BOGOTA D.C,11001,BOGOT¿ D.C.,6,FUNDACION,2,PRIVADA,2,INSTITUCION TECNOLOGICA,4,N/A,7,1327,RESOLUCION
1825,UNIVERSIDAD AUTONOMA DE MANIZALES,890.805.051-0,,PRINCIPAL,17,CALDAS,17001,MANIZALES,7,CORPORACION,2,PRIVADA,4,UNIVERSIDAD,4,N/A,7,1549,RESOLUCION
1122,UNIVERSIDAD DEL PACIFICO,835.000.300-4,,PRINCIPAL,76,VALLE DEL CAUCA,76109,BUENAVENTURA,5,NACIONAL,1,OFICIAL,4,UNIVERSIDAD,4,N/A,5,65,LEY
2738,FUNDACION UNIVESITARIA EMPRESARIAL DE LA CAMARA DE COMERCIO DE BOGOTA,830.084.876.6,,PRINCIPAL,11,BOGOTA D.C,11001,BOGOT¿ D.C.,6,FUNDACION,2,PRIVADA,3,INSTITUCION UNIVERSITARIA/ESCUELA TECNOLOGICA,4,N/A,7,598,RESOLUCION
9914,ELITE- ESCUELA LATINOAMERICANA DE INGENIEROS TECNOLOGOS Y EMPRESARIOS,9005345244,,PRINCIPAL,11,BOGOTA D.C,11001,BOGOT¿ D.C.,7,CORPORACION,2,PRIVADA,3,INSTITUCION UNIVERSITARIA/ESCUELA TECNOLOGICA,4,N/A,19,4787,NO INFORMA
1835,UNIVERSIDAD DE CIENCIAS APLICADAS Y AMBIENTALES UDCA.,860.403.721.2,,PRINCIPAL,11,BOGOTA D.C,11001,BOGOT¿ D.C.,7,CORPORACION,2,PRIVADA,4,UNIVERSIDAD,4,N/A,7,7392,RESOLUCION
9108,INSTITUTO CARO Y CUERVO,899999096-6,,PRINCIPAL,11,BOGOTA D.C,11001,BOGOT¿ D.C.,5,NACIONAL,1,OFICIAL,3,INSTITUCION UNIVERSITARIA/ESCUELA TECNOLOGICA,4,N/A,19,_,NO INFORMA
1703,UNIVERSIDAD INCCA DE COLOMBIA,860.011.285-1,,PRINCIPAL,11,BOGOTA D.C,11001,BOGOT¿ D.C.,6,FUNDACION,2,PRIVADA,4,UNIVERSIDAD,4,N/A,7,1891,RESOLUCION
4108,ESCUELA TECNOLOGICA INSTITUTO TECNICO CENTRAL,860.523.694-6,,PRINCIPAL,11,BOGOTA D.C,11001,BOGOT¿ D.C.,5,NACIONAL,1,OFICIAL,3,INSTITUCION UNIVERSITARIA/ESCUELA TECNOLOGICA,4,N/A,3,146,DECRETO
1707,FUNDACION UNIVERSIDAD DE BOGOTA - JORGE TADEO LOZANO,860.006.848-6,,PRINCIPAL,11,BOGOTA D.C,11001,BOGOT¿ D.C.,6,FUNDACION,2,PRIVADA,4,UNIVERSIDAD,3,REGISTRO ALTA CALIDAD,7,2613,RESOLUCION
3703,FUNDACION ESCUELA COLOMBIANA DE MERCADOTECNIA -ESCOLME-,NO INFORMA,,PRINCIPAL,5,ANTIOQUIA,5001,MEDELLIN,6,FUNDACION,2,PRIVADA,3,INSTITUCION UNIVERSITARIA/ESCUELA TECNOLOGICA,4,N/A,7,126,RESOLUCION
3811,CORPORACION DE EDUCACION DEL NORTE DEL TOLIMA - COREDUCACION,890.704.562-9,,PRINCIPAL,73,TOLIMA,73349,HONDA,7,CORPORACION,2,PRIVADA,2,INSTITUCION TECNOLOGICA,4,N/A,7,9702,RESOLUCION
1105,UNIVERSIDAD PEDAGOGICA NACIONAL,899.999.124-4,,PRINCIPAL,11,BOGOTA D.C,11001,BOGOT¿ D.C.,5,NACIONAL,1,OFICIAL,4,UNIVERSIDAD,4,N/A,3,197,DECRETO
3201,UNIDADES TECNOLOGICAS DE SANTANDER,890.208.727,,PRINCIPAL,68,SANTANDER,68001,BUCARAMANGA,4,DEPARTAMENTAL,1,OFICIAL,2,INSTITUCION TECNOLOGICA,4,N/A,6,90,ORDENANZA
4822,CORPORACION ESCUELA DE ARTES Y LETRAS,860504543-1,,PRINCIPAL,11,BOGOTA D.C,11001,BOGOT¿ D.C.,7,CORPORACION,2,PRIVADA,3,INSTITUCION UNIVERSITARIA/ESCUELA TECNOLOGICA,4,N/A,7,6272,RESOLUCION
2836,CORPORACION UNIVERSITARIA EMPRESARIAL DE SALAMANCA,819003405,,PRINCIPAL,8,ATLANTICO,8001,BARRANQUILLA,7,CORPORACION,2,PRIVADA,3,INSTITUCION UNIVERSITARIA/ESCUELA TECNOLOGICA,4,N/A,7,3062,RESOLUCION
2841,CORPORACION UNIVERSITARIA MINUTO DE DIOS -UNIMINUTO-,800.116.217 - 2,2829,SECCIONAL,5,ANTIOQUIA,5088,BELLO,7,CORPORACION,2,PRIVADA,3,INSTITUCION UNIVERSITARIA/ESCUELA TECNOLOGICA,4,N/A,7,1634,RESOLUCION
1121,UNIVERSIDAD-COLEGIO MAYOR DE CUNDINAMARCA,800.144.829-9,,PRINCIPAL,11,BOGOTA D.C,11001,BOGOT¿ D.C.,5,NACIONAL,1,OFICIAL,4,UNIVERSIDAD,4,N/A,5,48,LEY
2724,FUNDACION UNIVERSITARIA DE SAN GIL - UNISANGIL -,800.152.804-4,,PRINCIPAL,68,SANTANDER,68679,SAN GIL,6,FUNDACION,2,PRIVADA,3,INSTITUCION UNIVERSITARIA/ESCUELA TECNOLOGICA,4,N/A,7,10989,RESOLUCION
2811,ESCUELA COLOMBIANA DE INGENIERIA JULIO GARAVITO,860.034.811,,PRINCIPAL,11,BOGOTA D.C,11001,BOGOT¿ D.C.,7,CORPORACION,2,PRIVADA,3,INSTITUCION UNIVERSITARIA/ESCUELA TECNOLOGICA,3,REGISTRO ALTA CALIDAD,7,86,RESOLUCION
1716,UNIVERSIDAD DE SAN BUENAVENTURA,890.307.400,1718,SECCIONAL,76,VALLE DEL CAUCA,76001,CALI,6,FUNDACION,2,PRIVADA,4,UNIVERSIDAD,4,N/A,7,1326,RESOLUCION
2831,CORPORACION UNIVERSITARIA DE CIENCIA Y DESARROLLO - UNICIENCIA,830018780-7,,PRINCIPAL,11,BOGOTA D.C,11001,BOGOT¿ D.C.,7,CORPORACION,2,PRIVADA,3,INSTITUCION UNIVERSITARIA/ESCUELA TECNOLOGICA,4,N/A,7,20,RESOLUCION
3829,CORPORACION JHON F. KENNEDY,800.210.541,,PRINCIPAL,11,BOGOTA D.C,11001,BOGOT¿ D.C.,7,CORPORACION,2,PRIVADA,2,INSTITUCION TECNOLOGICA,4,N/A,7,5460,RESOLUCION
9903,CORPORACION DE EDUCACION TECNOLOGICA COLSUBSIDIO EADS,900401526-8,,PRINCIPAL,11,BOGOTA D.C,11001,BOGOT¿ D.C.,7,CORPORACION,2,PRIVADA,2,INSTITUCION TECNOLOGICA,4,N/A,19,9150,NO INFORMA
9107,ESCUELA DE INGENIEROS MILITARES,* *,,PRINCIPAL,11,BOGOTA D.C,11001,BOGOT¿ D.C.,5,NACIONAL,1,OFICIAL,3,INSTITUCION UNIVERSITARIA/ESCUELA TECNOLOGICA,4,N/A,19,15,NO INFORMA
2840,CORPORACION UNIVERSITARIA EMPRESARIAL ALEXANDER VON HUMBOLDT - CUE,NO DISPONIBLE,,PRINCIPAL,63,QUINDIO,63001,ARMENIA,7,CORPORACION,2,PRIVADA,3,INSTITUCION UNIVERSITARIA/ESCUELA TECNOLOGICA,4,N/A,7,439,RESOLUCION
1814,UNIVERSIDAD AUTONOMA LATINOAMERICANA-UNAULA-,890905456-9,,PRINCIPAL,5,ANTIOQUIA,5001,MEDELLIN,7,CORPORACION,2,PRIVADA,4,UNIVERSIDAD,4,N/A,7,203,RESOLUCION
2827,CORPORACION UNIVERSITARIA DEL META,NO INFORMA,,PRINCIPAL,50,META,50001,VILLAVICENCIO,7,CORPORACION,2,PRIVADA,3,INSTITUCION UNIVERSITARIA/ESCUELA TECNOLOGICA,4,N/A,7,12249,RESOLUCION
1702,PONTIFICIA UNIVERSIDAD JAVERIANA,NO INFORMA,1701,SECCIONAL,76,VALLE DEL CAUCA,76001,CALI,6,FUNDACION,2,PRIVADA,4,UNIVERSIDAD,3,REGISTRO ALTA CALIDAD,7,73,RESOLUCION
4826,CORPORACION UNIVERSITARIA REGIONAL DEL CARIBE -IAFIC-,890.481.341-9,,PRINCIPAL,13,BOLIVAR,13001,CARTAGENA,7,CORPORACION,2,PRIVADA,3,INSTITUCION UNIVERSITARIA/ESCUELA TECNOLOGICA,4,N/A,7,8992,RESOLUCION
2728,FUNDACION UNIVERSITARIA DEL AREA ANDINA,860.517.302,,PRINCIPAL,11,BOGOTA D.C,11001,BOGOT¿ D.C.,6,FUNDACION,2,PRIVADA,3,INSTITUCION UNIVERSITARIA/ESCUELA TECNOLOGICA,4,N/A,7,22215,RESOLUCION
9910,FUNDACION UNIVERSITARIA ESCUELA COLOMBIANA DE MEDICINA HOMEOPATICA &QUOT;LUIS G. PAEZ&QUOT;,900511207-5,,PRINCIPAL,11,BOGOTA D.C,11001,BOGOT¿ D.C.,6,FUNDACION,2,PRIVADA,3,INSTITUCION UNIVERSITARIA/ESCUELA TECNOLOGICA,4,N/A,19,10733,NO INFORMA
4726,FUNDACION PARA LA EDUCACION SUPERIOR SAN MATEO,800.040.295-9,,PRINCIPAL,11,BOGOTA D.C,11001,BOGOT¿ D.C.,6,FUNDACION,2,PRIVADA,1,INSTITUCION TECNICA PROFESIONAL,4,N/A,7,14135,RESOLUCION
4832,CORPORACION INSTITUTO SUPERIOR DE EDUCACION SOCIAL-ISES-,860.066.098-5,,PRINCIPAL,11,BOGOTA D.C,11001,BOGOT¿ D.C.,7,CORPORACION,2,PRIVADA,1,INSTITUCION TECNICA PROFESIONAL,4,N/A,7,2028,RESOLUCION
1724,UNIVERSIDAD DE SAN BUENAVENTURA,890307400-1,1718,SECCIONAL,13,BOLIVAR,13001,CARTAGENA,6,FUNDACION,2,PRIVADA,4,UNIVERSIDAD,4,N/A,7,1326,RESOLUCION
1819,UNIVERSIDAD COOPERATIVA DE COLOMBIA,860.029.924-7,1818,SECCIONAL,68,SANTANDER,68081,BARRANCABERMEJA,7,CORPORACION,2,PRIVADA,4,UNIVERSIDAD,4,N/A,19,SIN DATO,NO INFORMA
3114,ESCUELA NAVAL DE SUBOFICIALES ARC BARRANQUILLA,NO INFORMA,,PRINCIPAL,8,ATLANTICO,8001,BARRANQUILLA,5,NACIONAL,1,OFICIAL,2,INSTITUCION TECNOLOGICA,3,REGISTRO ALTA CALIDAD,19,743,NO INFORMA
3810,CORPORACION EDUCATIVA -ITAE-,890.203.706-2,,PRINCIPAL,68,SANTANDER,68001,BUCARAMANGA,7,CORPORACION,2,PRIVADA,2,INSTITUCION TECNOLOGICA,4,N/A,7,41,RESOLUCION
1709,UNIVERSIDAD CENTRAL,860.024.746-1,,PRINCIPAL,11,BOGOTA D.C,11001,BOGOT¿ D.C.,6,FUNDACION,2,PRIVADA,4,UNIVERSIDAD,4,N/A,7,1876,RESOLUCION
2710,FUNDACION UNIVERSITARIA MONSERRATE -UNIMONSERRATE,860.513.077-9,,PRINCIPAL,11,BOGOTA D.C,11001,BOGOT¿ D.C.,6,FUNDACION,2,PRIVADA,3,INSTITUCION UNIVERSITARIA/ESCUELA TECNOLOGICA,4,N/A,7,1381,RESOLUCION
1103,UNIVERSIDAD NACIONAL DE COLOMBIA,899.999.063-3,1101,SECCIONAL,17,CALDAS,17001,MANIZALES,5,NACIONAL,1,OFICIAL,4,UNIVERSIDAD,3,REGISTRO ALTA CALIDAD,5,66,LEY
4727,POLITECNICO INTERNACIONAL INSTITUCION DE EDUCACION SUPERIOR,900002845,,PRINCIPAL,11,BOGOTA D.C,11001,BOGOT¿ D.C.,6,FUNDACION,2,PRIVADA,1,INSTITUCION TECNICA PROFESIONAL,4,N/A,7,4135,RESOLUCION
2747,FUNDACION UNIVERSITARIA AUTONOMA DE LAS AMERICAS,NO INFORMA,,PRINCIPAL,5,ANTIOQUIA,5001,MEDELLIN,6,FUNDACION,2,PRIVADA,3,INSTITUCION UNIVERSITARIA/ESCUELA TECNOLOGICA,4,N/A,7,12998,RESOLUCION
2818,CORPORACION UNIVERSITARIA DE SANTA ROSA DE CABAL-UNISARC-,891.409.768-8,,PRINCIPAL,66,RISARALDA,66682,SANTA ROSA DE CABAL,7,CORPORACION,2,PRIVADA,3,INSTITUCION UNIVERSITARIA/ESCUELA TECNOLOGICA,4,N/A,7,6387,RESOLUCION
3710,FUNDACION TECNOLOGICA ANTONIO DE AREVALO,890.481.264,,PRINCIPAL,13,BOLIVAR,13001,CARTAGENA,6,FUNDACION,2,PRIVADA,2,INSTITUCION TECNOLOGICA,3,REGISTRO ALTA CALIDAD,7,322,RESOLUCION
1711,UNIVERSIDAD DE LA SABANA,860.075.558-1,,PRINCIPAL,25,CUNDINAMARCA,25175,CHIA,6,FUNDACION,2,PRIVADA,4,UNIVERSIDAD,3,REGISTRO ALTA CALIDAD,7,130,RESOLUCION
3807,ESCUELA DE TECNOLOGIAS DE ANTIOQUIA -ETA-,NO INFORMA,,PRINCIPAL,5,ANTIOQUIA,5001,MEDELLIN,7,CORPORACION,2,PRIVADA,2,INSTITUCION TECNOLOGICA,4,N/A,7,3745,RESOLUCION
1717,UNIVERSIDAD DE SAN BUENAVENTURA,890307400-1,1718,SECCIONAL,5,ANTIOQUIA,5001,MEDELLIN,6,FUNDACION,2,PRIVADA,4,UNIVERSIDAD,4,N/A,7,1326,RESOLUCION
2711,UNIVERSIDAD CATOLICA DE PEREIRA,891.408.261,,PRINCIPAL,66,RISARALDA,66001,PEREIRA,6,FUNDACION,2,PRIVADA,4,UNIVERSIDAD,4,N/A,7,10918,RESOLUCION
2749,INSTITUCION UNIVERSITARIA  SALAZAR Y HERRERA,NO INFORMA,,PRINCIPAL,5,ANTIOQUIA,5001,MEDELLIN,6,FUNDACION,2,PRIVADA,3,INSTITUCION UNIVERSITARIA/ESCUELA TECNOLOGICA,4,N/A,7,1104,RESOLUCION
3712,FUNDACION CENTRO DE INVESTIGACION DOCENCIA Y CONSULTORIA ADMINISTRATIVA-F-CIDCA-,86.040.457,,PRINCIPAL,11,BOGOTA D.C,11001,BOGOT¿ D.C.,6,FUNDACION,2,PRIVADA,2,INSTITUCION TECNOLOGICA,4,N/A,7,4124,RESOLUCION
1732,UNIVERSIDAD SANTO TOMAS,860.012.357-6,1704,SECCIONAL,15,BOYACA,15001,TUNJA,6,FUNDACION,2,PRIVADA,4,UNIVERSIDAD,4,N/A,7,3645,RESOLUCION
3107,INSTITUCIÓN UNIVERSITARIA PASCUAL BRAVO,890.980.153,,PRINCIPAL,5,ANTIOQUIA,5001,MEDELLIN,5,NACIONAL,1,OFICIAL,3,INSTITUCION UNIVERSITARIA/ESCUELA TECNOLOGICA,4,N/A,3,108,DECRETO
2829,CORPORACION UNIVERSITARIA MINUTO DE DIOS -UNIMINUTO-,800.116.217-2,,PRINCIPAL,11,BOGOTA D.C,11001,BOGOT¿ D.C.,7,CORPORACION,2,PRIVADA,3,INSTITUCION UNIVERSITARIA/ESCUELA TECNOLOGICA,4,N/A,7,10345,RESOLUCION
2902,ESCUELA DE LOGISTICA,800131180,,PRINCIPAL,11,BOGOTA D.C,11001,BOGOT¿ D.C.,5,NACIONAL,1,OFICIAL,3,INSTITUCION UNIVERSITARIA/ESCUELA TECNOLOGICA,4,N/A,19,15,NO INFORMA
3827,POLITECNICO SANTAFE DE BOGOTA,860070298-7,,PRINCIPAL,11,BOGOTA D.C,11001,BOGOT¿ D.C.,7,CORPORACION,2,PRIVADA,2,INSTITUCION TECNOLOGICA,4,N/A,7,9097,RESOLUCION
4806,CORPORACION CENTRO DE ESTUDIOS ARTISTICOS Y TECNICOS-CEART-,860.036.444-2,,PRINCIPAL,11,BOGOTA D.C,11001,BOGOT¿ D.C.,7,CORPORACION,2,PRIVADA,1,INSTITUCION TECNICA PROFESIONAL,4,N/A,19,1727,NO INFORMA
1301,UNIVERSIDAD DISTRITAL-FRANCISCO JOSE DE CALDAS,899.999.230-7,,PRINCIPAL,11,BOGOTA D.C,11001,BOGOT¿ D.C.,3,MUNICIPAL,1,OFICIAL,4,UNIVERSIDAD,4,N/A,1,10,ACUERDO
2713,FUNDACION UNIVERSITARIA LOS LIBERTADORES,NO INFORMA,,PRINCIPAL,11,BOGOTA D.C,11001,BOGOT¿ D.C.,6,FUNDACION,2,PRIVADA,3,INSTITUCION UNIVERSITARIA/ESCUELA TECNOLOGICA,4,N/A,7,7542,RESOLUCION
2820,CORPORACION UNIVERSITARIA LASALLISTA,890.984.812-5,,PRINCIPAL,5,ANTIOQUIA,5129,CALDAS,7,CORPORACION,2,PRIVADA,3,INSTITUCION UNIVERSITARIA/ESCUELA TECNOLOGICA,4,N/A,7,9887,RESOLUCION
4825,CORPORACION INSTITUTO DE ADMINISTRACION Y FINANZAS - CIAF,891.408.248-5,,PRINCIPAL,66,RISARALDA,66001,PEREIRA,7,CORPORACION,2,PRIVADA,1,INSTITUCION TECNICA PROFESIONAL,4,N/A,7,19348,RESOLUCION
1219,UNIVERSIDAD DE ANTIOQUIA,890.980.040-8,1201,SECCIONAL,5,ANTIOQUIA,5148,CARMEN DE VIBORAL,4,DEPARTAMENTAL,1,OFICIAL,4,UNIVERSIDAD,4,N/A,19,SIN DATO,NO INFORMA
2702,FUNDACION UNIVERSITARIA DE CIENCIAS DE LA SALUD,NO INFORMA,,PRINCIPAL,11,BOGOTA D.C,11001,BOGOT¿ D.C.,6,FUNDACION,2,PRIVADA,3,INSTITUCION UNIVERSITARIA/ESCUELA TECNOLOGICA,4,N/A,7,10917,RESOLUCION
1804,UNIVERSIDAD AUTONOMA DEL CARIBE,8901025729,,PRINCIPAL,8,ATLANTICO,8001,BARRANQUILLA,7,CORPORACION,2,PRIVADA,4,UNIVERSIDAD,4,N/A,7,303,RESOLUCION
1806,UNIVERSIDAD LIBRE,860.013.798-5,,PRINCIPAL,11,BOGOTA D.C,11001,BOGOT¿ D.C.,7,CORPORACION,2,PRIVADA,4,UNIVERSIDAD,4,N/A,7,192,RESOLUCION
1712,UNIVERSIDAD EAFIT-,890.901.389,,PRINCIPAL,5,ANTIOQUIA,5001,MEDELLIN,6,FUNDACION,2,PRIVADA,4,UNIVERSIDAD,3,REGISTRO ALTA CALIDAD,7,75,RESOLUCION
9911,UNIVERSIDAD DEL VALLE,890.399.010-6,1203,SECCIONAL,76,VALLE DEL CAUCA,76109,BUENAVENTURA,4,DEPARTAMENTAL,1,OFICIAL,4,UNIVERSIDAD,4,N/A,6,12,ORDENANZA
1820,UNIVERSIDAD COOPERATIVA DE COLOMBIA,860.029.924-7,1818,SECCIONAL,47,MAGDALENA,47001,SANTA MARTA,7,CORPORACION,2,PRIVADA,4,UNIVERSIDAD,4,N/A,19,SIN DATO,NO INFORMA
9121,FUNDACION UNIVERSITARIA COLOMBO INTERNACIONAL - UNICOLOMBO,900131269,,PRINCIPAL,13,BOLIVAR,13001,CARTAGENA,6,FUNDACION,2,PRIVADA,3,INSTITUCION UNIVERSITARIA/ESCUELA TECNOLOGICA,4,N/A,7,7774,RESOLUCION
3702,FUNDACION TECNOLOGICA AUTONOMA DE BOGOTA-FABA-,NO INFORMA,,PRINCIPAL,11,BOGOTA D.C,11001,BOGOT¿ D.C.,6,FUNDACION,2,PRIVADA,2,INSTITUCION TECNOLOGICA,4,N/A,7,6845,RESOLUCION
2838,CORPORACION COLEGIATURA COLOMBIANA,811.024.158,,PRINCIPAL,5,ANTIOQUIA,5001,MEDELLIN,7,CORPORACION,2,PRIVADA,3,INSTITUCION UNIVERSITARIA/ESCUELA TECNOLOGICA,4,N/A,7,1989,RESOLUCION
9908,UNIVERSIDAD DEL VALLE,890.399.010-6,1203,SECCIONAL,76,VALLE DEL CAUCA,76111,GUADALAJARA DE BUGA,4,DEPARTAMENTAL,1,OFICIAL,4,UNIVERSIDAD,4,N/A,6,12,ORDENANZA
1118,UNIVERSIDAD TECNOLOGICA DEL CHOCO-DIEGO LUIS CORDOBA,891.680.089-4,,PRINCIPAL,27,CHOCO,27001,QUIBDO,5,NACIONAL,1,OFICIAL,4,UNIVERSIDAD,4,N/A,5,38,LEY
1112,UNIVERSIDAD DE CALDAS,890.801.063,,PRINCIPAL,17,CALDAS,17001,MANIZALES,5,NACIONAL,1,OFICIAL,4,UNIVERSIDAD,3,REGISTRO ALTA CALIDAD,6,6,ORDENANZA
2833,CORPORACION UNIVERSITARIA REMINGTON,NO INFORMA,,PRINCIPAL,5,ANTIOQUIA,5001,MEDELLIN,7,CORPORACION,2,PRIVADA,3,INSTITUCION UNIVERSITARIA/ESCUELA TECNOLOGICA,4,N/A,7,2661,RESOLUCION
9899,INSTITUCION UNIVERSITARIA DE COLOMBIA - UNIVERSITARIA DE COLOMBIA,900350945-0,,PRINCIPAL,11,BOGOTA D.C,11001,BOGOT¿ D.C.,7,CORPORACION,2,PRIVADA,3,INSTITUCION UNIVERSITARIA/ESCUELA TECNOLOGICA,4,N/A,19,2202,NO INFORMA
1829,UNIVERSIDAD SANTIAGO DE CALI,8903037971,1805,SECCIONAL,76,VALLE DEL CAUCA,76520,PALMIRA,7,CORPORACION,2,PRIVADA,4,UNIVERSIDAD,4,N/A,7,2800,RESOLUCION
2830,CORPORACION UNIVERSITARIA IBEROAMERICANA,860.530.837-7,,PRINCIPAL,11,BOGOTA D.C,11001,BOGOT¿ D.C.,7,CORPORACION,2,PRIVADA,3,INSTITUCION UNIVERSITARIA/ESCUELA TECNOLOGICA,4,N/A,7,428,RESOLUCION
9906,CORPORACION UNIVERSITARIA PARA EL DESARROLLO EMPRESARIAL Y SOCIAL- CUDES,_,,PRINCIPAL,76,VALLE DEL CAUCA,76001,CALI,7,CORPORACION,2,PRIVADA,3,INSTITUCION UNIVERSITARIA/ESCUELA TECNOLOGICA,4,N/A,19,1051,NO INFORMA
9110,SERVICIO NACIONAL DE APRENDIZAJE-SENA-,899.999.034-1,,PRINCIPAL,11,BOGOTA D.C,11001,BOGOT¿ D.C.,5,NACIONAL,1,OFICIAL,2,INSTITUCION TECNOLOGICA,4,N/A,19,30,NO INFORMA
4111,INSTITUTO NACIONAL DE FORMACION TECNICA PROFESIONAL - HUMBERTO VELASQUEZ GARCIA,891.701.932-0,,PRINCIPAL,47,MAGDALENA,47189,CIENAGA,4,DEPARTAMENTAL,1,OFICIAL,1,INSTITUCION TECNICA PROFESIONAL,4,N/A,3,3506,DECRETO
1206,UNIVERSIDAD DE NARIÑO,800.118.954,,PRINCIPAL,52,NARINIO,52001,PASTO,4,DEPARTAMENTAL,1,OFICIAL,4,UNIVERSIDAD,4,N/A,3,49,DECRETO
3713,FUNDACION UNIVERSITARIA PARA EL DESARROLLO HUMANO - UNINPAHU,860.504.360,,PRINCIPAL,11,BOGOTA D.C,11001,BOGOT¿ D.C.,6,FUNDACION,2,PRIVADA,3,INSTITUCION UNIVERSITARIA/ESCUELA TECNOLOGICA,4,N/A,7,16971,RESOLUCION
4704,FUNDACION PARA LA EDUCACION SUPERIOR REAL DE COLOMBIA,860.533.613-2,,PRINCIPAL,11,BOGOTA D.C,11001,BOGOT¿ D.C.,6,FUNDACION,2,PRIVADA,1,INSTITUCION TECNICA PROFESIONAL,4,N/A,7,21994,RESOLUCION
1705,UNIVERSIDAD SANTO TOMAS,860.012.357-6,1704,SECCIONAL,68,SANTANDER,68001,BUCARAMANGA,6,FUNDACION,2,PRIVADA,4,UNIVERSIDAD,4,N/A,7,3645,RESOLUCION
4719,FUNDACION DE EDUCACION SUPERIOR NUEVA AMERICA,860.072.063.2,,PRINCIPAL,11,BOGOTA D.C,11001,BOGOT¿ D.C.,6,FUNDACION,2,PRIVADA,1,INSTITUCION TECNICA PROFESIONAL,4,N/A,7,17084,RESOLUCION
3705,FUNDACION UNIVERSITARIA TECNOLOGICO COMFENALCO - CARTAGENA,890.481.183-1,,PRINCIPAL,13,BOLIVAR,13001,CARTAGENA,6,FUNDACION,2,PRIVADA,3,INSTITUCION UNIVERSITARIA/ESCUELA TECNOLOGICA,4,N/A,7,9299,RESOLUCION
2901,ESCUELA DE INTELIGENCIA Y CONTRAINTELIGENCIA BRIGADIER GENERAL RICARDO CHARRY SOLANO,800131292,,PRINCIPAL,11,BOGOTA D.C,11001,BOGOT¿ D.C.,5,NACIONAL,1,OFICIAL,3,INSTITUCION UNIVERSITARIA/ESCUELA TECNOLOGICA,4,N/A,19,20,NO INFORMA
9920,UNIVERSIDAD NACIONAL DE COLOMBIA,899.999.063-3,,PRINCIPAL,52,NARINIO,52835,TUMACO,5,NACIONAL,1,OFICIAL,4,UNIVERSIDAD,4,N/A,1,14,ACUERDO
2722,FUNDACION CENTRO UNIVERSITARIO DE BIENESTAR RURAL,800053190-0,,PRINCIPAL,19,CAUCA,19573,PUERTO TEJADA,6,FUNDACION,2,PRIVADA,3,INSTITUCION UNIVERSITARIA/ESCUELA TECNOLOGICA,4,N/A,7,9111,RESOLUCION
2832,UNIVERSIDAD DE SANTANDER - UDES,804001890-1,,PRINCIPAL,68,SANTANDER,68001,BUCARAMANGA,7,CORPORACION,2,PRIVADA,4,UNIVERSIDAD,4,N/A,7,810,RESOLUCION
1125,UNIVERSIDAD NACIONAL DE COLOMBIA,899.999.063-3,1101,SECCIONAL,91,AMAZONAS,91001,LETICIA,5,NACIONAL,1,OFICIAL,4,UNIVERSIDAD,3,REGISTRO ALTA CALIDAD,5,66,LEY
1704,UNIVERSIDAD SANTO TOMAS,860.012.357-6,,PRINCIPAL,11,BOGOTA D.C,11001,BOGOT¿ D.C.,6,FUNDACION,2,PRIVADA,4,UNIVERSIDAD,3,REGISTRO ALTA CALIDAD,7,3645,RESOLUCION
1822,CORPORACION UNIVERSIDAD PILOTO DE COLOMBIA,860.022.382-3,1815,SECCIONAL,25,CUNDINAMARCA,25307,GIRARDOT,7,CORPORACION,2,PRIVADA,4,UNIVERSIDAD,4,N/A,7,3681,RESOLUCION
1710,UNIVERSIDAD PONTIFICIA BOLIVARIANA,890.902.922-6,,PRINCIPAL,5,ANTIOQUIA,5001,MEDELLIN,6,FUNDACION,2,PRIVADA,4,UNIVERSIDAD,3,REGISTRO ALTA CALIDAD,7,48,RESOLUCION
2805,UNIVERSIDAD SIMON BOLIVAR,890.104.633-9,,PRINCIPAL,8,ATLANTICO,8001,BARRANQUILLA,7,CORPORACION,2,PRIVADA,4,UNIVERSIDAD,4,N/A,7,1318,RESOLUCION
9913,CORPORACION UNIVERSITARIA DE ASTURIAS,900509172-1,,PRINCIPAL,11,BOGOTA D.C,11001,BOGOT¿ D.C.,7,CORPORACION,2,PRIVADA,3,INSTITUCION UNIVERSITARIA/ESCUELA TECNOLOGICA,4,N/A,7,1110,RESOLUCION
4810,CORPORACION UNIVERSITARIA CENDA,NO INFORMA,,PRINCIPAL,11,BOGOTA D.C,11001,BOGOT¿ D.C.,7,CORPORACION,2,PRIVADA,3,INSTITUCION UNIVERSITARIA/ESCUELA TECNOLOGICA,4,N/A,7,11109,RESOLUCION
4702,FUNDACION DE EDUCACION SUPERIOR SAN JOSE -FESSANJOSE-,860.524.219-5,,PRINCIPAL,11,BOGOTA D.C,11001,BOGOT¿ D.C.,6,FUNDACION,2,PRIVADA,2,INSTITUCION TECNOLOGICA,4,N/A,7,14878,RESOLUCION
1718,UNIVERSIDAD DE SAN BUENAVENTURA,NO 890307400-1,,PRINCIPAL,11,BOGOTA D.C,11001,BOGOT¿ D.C.,6,FUNDACION,2,PRIVADA,4,UNIVERSIDAD,4,N/A,7,1326,RESOLUCION
9905,FUNDACION ESCUELA TECNOLOGICA DE NEIVA - JESUS OVIEDO PEREZ -FET,900440771-2,,PRINCIPAL,41,HUILA,41615,RIVERA,7,CORPORACION,2,PRIVADA,3,INSTITUCION UNIVERSITARIA/ESCUELA TECNOLOGICA,4,N/A,19,1595,NO INFORMA
1713,UNIVERSIDAD DEL NORTE,890.101.681,,PRINCIPAL,8,ATLANTICO,8001,BARRANQUILLA,6,FUNDACION,2,PRIVADA,4,UNIVERSIDAD,3,REGISTRO ALTA CALIDAD,7,149,RESOLUCION
4801,CORPORACION ACADEMIA SUPERIOR DE ARTES,* *,,PRINCIPAL,5,ANTIOQUIA,5001,MEDELLIN,7,CORPORACION,2,PRIVADA,2,INSTITUCION TECNOLOGICA,4,N/A,7,11105,RESOLUCION
3102,INSTITUTO SUPERIOR DE EDUCACION RURAL-ISER-,890.501.578,,PRINCIPAL,54,NORTE DE SANTANDER,54518,PAMPLONA,4,DEPARTAMENTAL,1,OFICIAL,2,INSTITUCION TECNOLOGICA,4,N/A,3,2365,DECRETO
4708,FUNDACION ESCUELA COLOMBIANA DE HOTELERIA Y TURISMO-ECOTET-,860.350.003-3,,PRINCIPAL,11,BOGOTA D.C,11001,BOGOT¿ D.C.,6,FUNDACION,2,PRIVADA,1,INSTITUCION TECNICA PROFESIONAL,4,N/A,7,2285,RESOLUCION
2732,FUNDACION UNIVERSITARIA CATOLICA DEL NORTE,811.010.001-2,,PRINCIPAL,5,ANTIOQUIA,5686,SANTA ROSA DE OSOS,6,FUNDACION,2,PRIVADA,3,INSTITUCION UNIVERSITARIA/ESCUELA TECNOLOGICA,4,N/A,7,1671,RESOLUCION
3301,INSTITUCION UNIVERSITARIA ANTONIO JOSE CAMACHO,805.000.889-0,,PRINCIPAL,76,VALLE DEL CAUCA,76001,CALI,3,MUNICIPAL,1,OFICIAL,3,INSTITUCION UNIVERSITARIA/ESCUELA TECNOLOGICA,4,N/A,1,29,ACUERDO
3828,TECNOLOGICA DEL SUR,805.001.162,,PRINCIPAL,76,VALLE DEL CAUCA,76001,CALI,7,CORPORACION,2,PRIVADA,2,INSTITUCION TECNOLOGICA,4,N/A,7,5050,RESOLUCION
2707,FUNDACION UNIVERSITARIA JUAN N. CORPAS,860.038.374-4,,PRINCIPAL,11,BOGOTA D.C,11001,BOGOT¿ D.C.,6,FUNDACION,2,PRIVADA,3,INSTITUCION UNIVERSITARIA/ESCUELA TECNOLOGICA,4,N/A,7,2105,RESOLUCION
3115,INSTITUTO TECNOLOGICO DEL PUTUMAYO,800.247.940-1,,PRINCIPAL,86,PUTUMAYO,86001,MOCOA,4,DEPARTAMENTAL,1,OFICIAL,2,INSTITUCION TECNOLOGICA,4,N/A,5,65,LEY
1830,UNIVERSIDAD AUTONOMA DE OCCIDENTE,890.305.881-1,,PRINCIPAL,76,VALLE DEL CAUCA,76001,CALI,7,CORPORACION,2,PRIVADA,4,UNIVERSIDAD,3,REGISTRO ALTA CALIDAD,7,618,RESOLUCION
2743,FUNDACION UNIVERSITARIA INTERNACIONAL DEL TROPICO AMERICANO,844.002.071 -4,,PRINCIPAL,85,CASANARE,85001,YOPAL,6,FUNDACION,2,PRIVADA,3,INSTITUCION UNIVERSITARIA/ESCUELA TECNOLOGICA,4,N/A,7,1311,RESOLUCION
1120,UNIVERSIDAD POPULAR DEL CESAR,892.300.285-6,,PRINCIPAL,20,CESAR,20001,VALLEDUPAR,5,NACIONAL,1,OFICIAL,4,UNIVERSIDAD,4,N/A,5,34,LEY
2111,ESCUELA SUPERIOR DE ADMINISTRACION PUBLICA-ESAP-,899.999.054-7,2104,SECCIONAL,5,ANTIOQUIA,5001,MEDELLIN,5,NACIONAL,1,OFICIAL,3,INSTITUCION UNIVERSITARIA/ESCUELA TECNOLOGICA,4,N/A,5,19,LEY
1725,FUNDACION UNIVERSIDAD AUTONOMA DE COLOMBIA -FUAC-,860.034.667,,PRINCIPAL,11,BOGOTA D.C,11001,BOGOT¿ D.C.,6,FUNDACION,2,PRIVADA,4,UNIVERSIDAD,4,N/A,7,264,RESOLUCION
1823,UNIVERSIDAD AUTONOMA DE BUCARAMANGA-UNAB-,890.200.499-9,,PRINCIPAL,68,SANTANDER,68001,BUCARAMANGA,7,CORPORACION,2,PRIVADA,4,UNIVERSIDAD,3,REGISTRO ALTA CALIDAD,7,3284,RESOLUCION
1805,UNIVERSIDAD SANTIAGO DE CALI,890.303.797-1,,PRINCIPAL,76,VALLE DEL CAUCA,76001,CALI,7,CORPORACION,2,PRIVADA,4,UNIVERSIDAD,4,N/A,7,2800,RESOLUCION
2748,FUNDACION UNIVERSITARIA SEMINARIO TEOLOGICO BAUTISTA INTERNACIONAL,805.027.579-1,,PRINCIPAL,76,VALLE DEL CAUCA,76001,CALI,6,FUNDACION,2,PRIVADA,3,INSTITUCION UNIVERSITARIA/ESCUELA TECNOLOGICA,4,N/A,7,1427,RESOLUCION
1214,UNIVERSIDAD DE CUNDINAMARCA-UDEC,890.680.062,,PRINCIPAL,25,CUNDINAMARCA,25290,FUSAGASUGA,4,DEPARTAMENTAL,1,OFICIAL,4,UNIVERSIDAD,4,N/A,6,45,ORDENANZA
1101,UNIVERSIDAD NACIONAL DE COLOMBIA,899.999.063-3,,PRINCIPAL,11,BOGOTA D.C,11001,BOGOT¿ D.C.,5,NACIONAL,1,OFICIAL,4,UNIVERSIDAD,3,REGISTRO ALTA CALIDAD,5,66,LEY
2834,UNIVERSITARIA AGUSTINIANA- UNIAGUSTINIANA,NO INFORMA,,PRINCIPAL,11,BOGOTA D.C,11001,BOGOT¿ D.C.,7,CORPORACION,2,PRIVADA,3,INSTITUCION UNIVERSITARIA/ESCUELA TECNOLOGICA,4,N/A,7,6651,RESOLUCION
4106,INSTITUTO NACIONAL DE FORMACION TECNICA PROFESIONAL DE SAN ANDRES,892.400.461.5,,PRINCIPAL,88,SAN ANDRES Y PROVIDENCIA,88001,SAN ANDRES,5,NACIONAL,1,OFICIAL,1,INSTITUCION TECNICA PROFESIONAL,4,N/A,3,176,DECRETO
2837,CORPORACION UNIVERSITARIA REPUBLICANA,830.065.186-1,,PRINCIPAL,11,BOGOTA D.C,11001,BOGOT¿ D.C.,7,CORPORACION,2,PRIVADA,3,INSTITUCION UNIVERSITARIA/ESCUELA TECNOLOGICA,4,N/A,7,3061,RESOLUCION
1834,UNIVERSIDAD DEL SINU - ELIAS BECHARA ZAINUM - UNISINU -,891.000.692-1,1833,SECCIONAL,13,BOLIVAR,13001,CARTAGENA,7,CORPORACION,2,PRIVADA,4,UNIVERSIDAD,4,N/A,7,12154,RESOLUCION
5801,CORPORACION ESCUELA TECNOLOGICA DEL ORIENTE,804006527-3,,PRINCIPAL,68,SANTANDER,68001,BUCARAMANGA,7,CORPORACION,2,PRIVADA,3,INSTITUCION UNIVERSITARIA/ESCUELA TECNOLOGICA,4,N/A,7,2680,RESOLUCION
9915,UNIVERSITARIA VIRTUAL INTERNACIONAL,900.524.285-6,,PRINCIPAL,11,BOGOTA D.C,11001,BOGOT¿ D.C.,6,FUNDACION,2,PRIVADA,3,INSTITUCION UNIVERSITARIA/ESCUELA TECNOLOGICA,4,N/A,7,4788,RESOLUCION
2904,ESCUELA SUPERIOR DE GUERRA,8001515689,,PRINCIPAL,11,BOGOTA D.C,11001,BOGOT¿ D.C.,5,NACIONAL,1,OFICIAL,3,INSTITUCION UNIVERSITARIA/ESCUELA TECNOLOGICA,4,N/A,3,453,DECRETO
2114,ESCUELA NACIONAL DEL DEPORTE,805.001.868,,PRINCIPAL,76,VALLE DEL CAUCA,76001,CALI,5,NACIONAL,1,OFICIAL,3,INSTITUCION UNIVERSITARIA/ESCUELA TECNOLOGICA,4,N/A,3,3115,DECRETO
1117,UNIVERSIDAD MILITAR-NUEVA GRANADA,800.225.340,,PRINCIPAL,11,BOGOTA D.C,11001,BOGOT¿ D.C.,5,NACIONAL,1,OFICIAL,4,UNIVERSIDAD,4,N/A,4,84,DECRETO LEY
3819,CORPORACION TECNOLOGICA INDUSTRIAL COLOMBIANA - TEINCO,800.003.963-5,,PRINCIPAL,11,BOGOTA D.C,11001,BOGOT¿ D.C.,7,CORPORACION,2,PRIVADA,2,INSTITUCION TECNOLOGICA,4,N/A,7,1048,RESOLUCION
3719,INSTITUCION UNIVERSITARIA LATINA - UNILATINA,860516428-4,,PRINCIPAL,11,BOGOTA D.C,11001,BOGOT¿ D.C.,6,FUNDACION,2,PRIVADA,3,INSTITUCION UNIVERSITARIA/ESCUELA TECNOLOGICA,4,N/A,7,8530,RESOLUCION
9904,FUNDACION TECNOLOGICA COLOMBO GERMANA,900407222-1,,PRINCIPAL,11,BOGOTA D.C,11001,BOGOT¿ D.C.,6,FUNDACION,2,PRIVADA,2,INSTITUCION TECNOLOGICA,4,N/A,7,10263,RESOLUCION
1731,UNIVERSIDAD CATOLICA DE COLOMBIA,860.028.971,1719,SECCIONAL,25,CUNDINAMARCA,25175,CHIA,6,FUNDACION,2,PRIVADA,4,UNIVERSIDAD,4,N/A,7,2271,RESOLUCION
9126,CORPORACION TECNOLOGICA INDOAMERICA,900243674-1,,PRINCIPAL,8,ATLANTICO,8001,BARRANQUILLA,7,CORPORACION,2,PRIVADA,2,INSTITUCION TECNOLOGICA,4,N/A,7,6173,RESOLUCION
2720,FUNDACION UNIVERSITARIA JUAN DE CASTELLANOS,800057330 -3,,PRINCIPAL,15,BOYACA,15001,TUNJA,6,FUNDACION,2,PRIVADA,3,INSTITUCION UNIVERSITARIA/ESCUELA TECNOLOGICA,4,N/A,7,2085,RESOLUCION
2211,INSTITUCION UNIVERSITARIA BELLAS ARTES Y CIENCIAS DE BOLIVAR,890-480-380-0,,PRINCIPAL,13,BOLIVAR,13001,CARTAGENA,4,DEPARTAMENTAL,1,OFICIAL,3,INSTITUCION UNIVERSITARIA/ESCUELA TECNOLOGICA,4,N/A,6,35,ORDENANZA
2721,FUNDACION UNIVERSITARIA MARIA CANO,800.036.781-1,,PRINCIPAL,5,ANTIOQUIA,5001,MEDELLIN,6,FUNDACION,2,PRIVADA,3,INSTITUCION UNIVERSITARIA/ESCUELA TECNOLOGICA,4,N/A,7,17996,RESOLUCION
4110,INSTITUTO TOLIMENSE DE FORMACION TECNICA PROFESIONAL,800.173.719-0,,PRINCIPAL,73,TOLIMA,73268,ESPINAL (CHICORAL),5,NACIONAL,1,OFICIAL,1,INSTITUCION TECNICA PROFESIONAL,4,N/A,3,3462,DECRETO
1201,UNIVERSIDAD DE ANTIOQUIA,890.980.040-8,,PRINCIPAL,5,ANTIOQUIA,5001,MEDELLIN,4,DEPARTAMENTAL,1,OFICIAL,4,UNIVERSIDAD,3,REGISTRO ALTA CALIDAD,5,71,LEY
1212,UNIVERSIDAD DE PAMPLONA,890.501.510-4,,PRINCIPAL,54,NORTE DE SANTANDER,54518,PAMPLONA,4,DEPARTAMENTAL,1,OFICIAL,4,UNIVERSIDAD,4,N/A,18,1,ACTA
9129,FUNDACION UNIVERSITARIA CAFAM,9002623984,,PRINCIPAL,11,BOGOTA D.C,11001,BOGOT¿ D.C.,6,FUNDACION,2,PRIVADA,3,INSTITUCION UNIVERSITARIA/ESCUELA TECNOLOGICA,4,N/A,7,9336,RESOLUCION
2746,FUNDACION UNIVERSITARIA SANITAS,830.113.458 - 6,,PRINCIPAL,11,BOGOTA D.C,11001,BOGOT¿ D.C.,6,FUNDACION,2,PRIVADA,3,INSTITUCION UNIVERSITARIA/ESCUELA TECNOLOGICA,4,N/A,7,3015,RESOLUCION
4837,CORPORACION UNIVERSITARIA DE CIENCIAS EMPRESARIALES EDUCACION Y SALUD -CORSALUD-,NO INFORMA,,PRINCIPAL,8,ATLANTICO,8001,BARRANQUILLA,7,CORPORACION,2,PRIVADA,3,INSTITUCION UNIVERSITARIA/ESCUELA TECNOLOGICA,4,N/A,7,3514,RESOLUCION
1831,UNIVERSIDAD DE IBAGUE,890.704.382-1,,PRINCIPAL,73,TOLIMA,73001,IBAGUE,7,CORPORACION,2,PRIVADA,4,UNIVERSIDAD,4,N/A,7,1867,RESOLUCION
3826,CORPORACION INTERNACIONAL PARA EL DESARROLLO EDUCATIVO -CIDE-,860.053.914-4,,PRINCIPAL,11,BOGOTA D.C,11001,BOGOT¿ D.C.,7,CORPORACION,2,PRIVADA,2,INSTITUCION TECNOLOGICA,4,N/A,7,1567,RESOLUCION
9917,IES DE PRUEBA,123456,,PRINCIPAL,5,ANTIOQUIA,5001,MEDELLIN,5,NACIONAL,1,OFICIAL,4,UNIVERSIDAD,4,N/A,7,1,RESOLUCION
3303,ESCUELA SUPERIOR TECNOLOGICA DE ARTES DEBORA ARANGO,811.042.967-9,,PRINCIPAL,5,ANTIOQUIA,5266,ENVIGADO,3,MUNICIPAL,1,OFICIAL,2,INSTITUCION TECNOLOGICA,4,N/A,1,38,ACUERDO
9102,ESCUELA DE SUBOFICIALES DE LA FUERZA AEREA COLOMBIANA ANDRES M. DIAZ,80.014.164,,PRINCIPAL,25,CUNDINAMARCA,25430,MADRID,5,NACIONAL,1,OFICIAL,2,INSTITUCION TECNOLOGICA,3,REGISTRO ALTA CALIDAD,1,275,ACUERDO
4838,CORPORACION BOLIVARIANA DE EDUCACION SUPERIOR - CORBES -,1,,PRINCIPAL,54,NORTE DE SANTANDER,54001,CUCUTA,7,CORPORACION,2,PRIVADA,1,INSTITUCION TECNICA PROFESIONAL,4,N/A,7,1018,RESOLUCION
1723,UNIVERSIDAD PONTIFICIA BOLIVARIANA,890.902.922,1710,SECCIONAL,68,SANTANDER,68001,BUCARAMANGA,6,FUNDACION,2,PRIVADA,4,UNIVERSIDAD,4,N/A,19,48,NO INFORMA
3715,FUNDACION TECNOLOGICA AUTONOMA DEL PACIFICO,800.147.711-2,,PRINCIPAL,76,VALLE DEL CAUCA,76001,CALI,6,FUNDACION,2,PRIVADA,2,INSTITUCION TECNOLOGICA,4,N/A,7,10436,RESOLUCION
1719,UNIVERSIDAD CATOLICA DE COLOMBIA,860.028.971,,PRINCIPAL,11,BOGOTA D.C,11001,BOGOT¿ D.C.,6,FUNDACION,2,PRIVADA,4,UNIVERSIDAD,4,N/A,7,2271,RESOLUCION
1218,UNIVERSIDAD DE LA GUAJIRA,892.115.029-4,,PRINCIPAL,44,GUAJIRA,44001,RIOHACHA,4,DEPARTAMENTAL,1,OFICIAL,4,UNIVERSIDAD,4,N/A,3,523,DECRETO
2741,FUNDACION DE ESTUDIOS SUPERIORES - MONSEÑOR ABRAHAM ESCUDERO MONTOYA  - FUNDES,809008799-7,,PRINCIPAL,73,TOLIMA,73268,ESPINAL (CHICORAL),6,FUNDACION,2,PRIVADA,3,INSTITUCION UNIVERSITARIA/ESCUELA TECNOLOGICA,4,N/A,7,1495,RESOLUCION
2903,ESCUELA DE COMUNICACIONES,800131179,,PRINCIPAL,25,CUNDINAMARCA,25269,FACATATIVA,5,NACIONAL,1,OFICIAL,3,INSTITUCION UNIVERSITARIA/ESCUELA TECNOLOGICA,4,N/A,5,30,LEY
4101,INSTITUTO DE EDUCACION TECNICA PROFESIONAL DE ROLDANILLO,891.902.811-0,,PRINCIPAL,76,VALLE DEL CAUCA,76622,ROLDANILLO,4,DEPARTAMENTAL,1,OFICIAL,1,INSTITUCION TECNICA PROFESIONAL,4,N/A,3,1093,DECRETO
9907,FUNDACION UNIVERSITARIA NAVARRA - UNINAVARRA,36180562,,PRINCIPAL,41,HUILA,41001,NEIVA,6,FUNDACION,2,PRIVADA,3,INSTITUCION UNIVERSITARIA/ESCUELA TECNOLOGICA,4,N/A,19,10570,NO INFORMA
2110,COLEGIO MAYOR DE ANTIOQUIA,890.980.134-1,,PRINCIPAL,5,ANTIOQUIA,5001,MEDELLIN,3,MUNICIPAL,1,OFICIAL,3,INSTITUCION UNIVERSITARIA/ESCUELA TECNOLOGICA,4,N/A,5,48,LEY
1216,UNIVERSIDAD DE CUNDINAMARCA-UDEC,890.680.062,1214,SECCIONAL,25,CUNDINAMARCA,25843,UBATE,4,DEPARTAMENTAL,1,OFICIAL,4,UNIVERSIDAD,4,N/A,6,45,ORDENANZA
1810,UNIVERSIDAD LIBRE,860.013.798-5,1806,SECCIONAL,54,NORTE DE SANTANDER,54001,CUCUTA,7,CORPORACION,2,PRIVADA,4,UNIVERSIDAD,4,N/A,7,192,RESOLUCION
1215,UNIVERSIDAD DE CUNDINAMARCA-UDEC,890.680.062,1214,SECCIONAL,25,CUNDINAMARCA,25307,GIRARDOT,4,DEPARTAMENTAL,1,OFICIAL,4,UNIVERSIDAD,4,N/A,6,45,ORDENANZA
3822,POLITECNICO ICAFT,800.029.090-1,,PRINCIPAL,11,BOGOTA D.C,11001,BOGOT¿ D.C.,7,CORPORACION,2,PRIVADA,2,INSTITUCION TECNOLOGICA,4,N/A,7,1643,RESOLUCION
4805,CORPORACION TECNICA DE COLOMBIA -CORPOTEC-,860.516.740-8,,PRINCIPAL,11,BOGOTA D.C,11001,BOGOT¿ D.C.,7,CORPORACION,2,PRIVADA,1,INSTITUCION TECNICA PROFESIONAL,4,N/A,19,4023,NO INFORMA
3805,INSTITUTO DE EDUCACION EMPRESARIAL-IDEE-,890.317.735-6,,PRINCIPAL,76,VALLE DEL CAUCA,76001,CALI,7,CORPORACION,2,PRIVADA,2,INSTITUCION TECNOLOGICA,4,N/A,7,9872,RESOLUCION
2715,FUNDACION UNIVERSITARIA DE POPAYAN,891.501.835-6,,PRINCIPAL,19,CAUCA,19001,POPAYAN,6,FUNDACION,2,PRIVADA,3,INSTITUCION UNIVERSITARIA/ESCUELA TECNOLOGICA,4,N/A,7,10161,RESOLUCION
1734,UNIVERSIDAD DE BOYACA UNIBOYACA,891.801.101-6,,PRINCIPAL,15,BOYACA,15001,TUNJA,6,FUNDACION,2,PRIVADA,4,UNIVERSIDAD,4,N/A,7,6553,RESOLUCION
4811,CORPORACION DE ESTUDIOS SUPERIORES SALAMANDRA,890.324.361,,PRINCIPAL,76,VALLE DEL CAUCA,76001,CALI,7,CORPORACION,2,PRIVADA,1,INSTITUCION TECNICA PROFESIONAL,4,N/A,7,11104,RESOLUCION
1217,UNIVERSIDAD DE SUCRE,892.200.323-9,,PRINCIPAL,70,SUCRE,70001,SINCELEJO,4,DEPARTAMENTAL,1,OFICIAL,4,UNIVERSIDAD,4,N/A,6,1,ORDENANZA
1205,UNIVERSIDAD DE CARTAGENA,890.480.123-5,,PRINCIPAL,13,BOLIVAR,13001,CARTAGENA,4,DEPARTAMENTAL,1,OFICIAL,4,UNIVERSIDAD,3,REGISTRO ALTA CALIDAD,3,0,DECRETO
1119,UNIVERSIDAD DE LOS LLANOS,892.000.757-3,,PRINCIPAL,50,META,50001,VILLAVICENCIO,5,NACIONAL,1,OFICIAL,4,UNIVERSIDAD,4,N/A,3,2513,DECRETO
2733,FUNDACIÓN UNIVERSITARIA SAN ALFONSO- FUSA-,830.081.981 -8,,PRINCIPAL,11,BOGOTA D.C,11001,BOGOT¿ D.C.,6,FUNDACION,2,PRIVADA,3,INSTITUCION UNIVERSITARIA/ESCUELA TECNOLOGICA,4,N/A,7,3296,RESOLUCION
1102,UNIVERSIDAD NACIONAL DE COLOMBIA,899.999.063-3,1101,SECCIONAL,5,ANTIOQUIA,5001,MEDELLIN,5,NACIONAL,1,OFICIAL,4,UNIVERSIDAD,3,REGISTRO ALTA CALIDAD,5,66,LEY
2812,UNIVERSIDAD EAN,860.026.058,,PRINCIPAL,11,BOGOTA D.C,11001,BOGOT¿ D.C.,7,CORPORACION,2,PRIVADA,4,UNIVERSIDAD,3,REGISTRO ALTA CALIDAD,7,2898,RESOLUCION
1203,UNIVERSIDAD DEL VALLE,8903990106,,PRINCIPAL,76,VALLE DEL CAUCA,76001,CALI,4,DEPARTAMENTAL,1,OFICIAL,4,UNIVERSIDAD,3,REGISTRO ALTA CALIDAD,6,12,ORDENANZA
9119,CORPORACION UNIVERSITARIA AMERICANA,90011443-9,,PRINCIPAL,8,ATLANTICO,8001,BARRANQUILLA,7,CORPORACION,2,PRIVADA,3,INSTITUCION UNIVERSITARIA/ESCUELA TECNOLOGICA,4,N/A,7,6341,RESOLUCION
9132,FUNDACION UNIVERSITARIA CIEO - UNICIEO,900.372.111-1,,PRINCIPAL,11,BOGOTA D.C,11001,BOGOT¿ D.C.,6,FUNDACION,2,PRIVADA,3,INSTITUCION UNIVERSITARIA/ESCUELA TECNOLOGICA,4,N/A,19,6168,NO INFORMA
9116,FUNDACION UNIVERSITARIA CLARETIANA - UNICLARETIANA,9000059366,,PRINCIPAL,27,CHOCO,27001,QUIBDO,6,FUNDACION,2,PRIVADA,3,INSTITUCION UNIVERSITARIA/ESCUELA TECNOLOGICA,4,N/A,19,2233,NO INFORMA
1727,UNIVERSIDAD PONTIFICIA BOLIVARIANA,890.902.922-6,1710,SECCIONAL,23,CORDOBA,23001,MONTERIA,6,FUNDACION,2,PRIVADA,4,UNIVERSIDAD,4,N/A,7,48,RESOLUCION
2849,CORPORACION UNIVERSITARIA AUTONOMA DEL CAUCA,891.501.766,,PRINCIPAL,19,CAUCA,19001,POPAYAN,7,CORPORACION,2,PRIVADA,3,INSTITUCION UNIVERSITARIA/ESCUELA TECNOLOGICA,4,N/A,7,13002,RESOLUCION
4817,CORPORACION EDUCATIVA DEL LITORAL,890.104.481-6,,PRINCIPAL,8,ATLANTICO,8001,BARRANQUILLA,7,CORPORACION,2,PRIVADA,1,INSTITUCION TECNICA PROFESIONAL,4,N/A,7,713,RESOLUCION
3116,INSTITUTO TECNOLOGICO DEL PUTUMAYO,800.247.940-1,3115,SECCIONAL,86,PUTUMAYO,86749,SIBUNDOY,4,DEPARTAMENTAL,1,OFICIAL,2,INSTITUCION TECNOLOGICA,4,N/A,5,65,LEY
1115,UNIVERSIDAD DE LA AMAZONIA,891.190.346-1,,PRINCIPAL,18,CAQUETA,18001,FLORENCIA,5,NACIONAL,1,OFICIAL,4,UNIVERSIDAD,4,N/A,5,60,LEY
9111,SERVICIO NACIONAL DE APRENDIZAJE-SENA-,899.999.034-1,9110,SECCIONAL,76,VALLE DEL CAUCA,76001,CALI,5,NACIONAL,1,OFICIAL,2,INSTITUCION TECNOLOGICA,4,N/A,19,30,NO INFORMA
1726,UNIVERSIDAD CATOLICA DE ORIENTE,890.984.746-7,,PRINCIPAL,5,ANTIOQUIA,5615,RIONEGRO,6,FUNDACION,2,PRIVADA,4,UNIVERSIDAD,4,N/A,7,2650,RESOLUCION
9120,FUNDACION UNIVERSITARIA BELLAS ARTES,900126062-3,,PRINCIPAL,5,ANTIOQUIA,5001,MEDELLIN,6,FUNDACION,2,PRIVADA,3,INSTITUCION UNIVERSITARIA/ESCUELA TECNOLOGICA,4,N/A,19,6342,NO INFORMA
3834,CORPORACION TECNOLOGICA CATOLICA DE OCCIDENTE - TECOC -,811.039.347-1,,PRINCIPAL,5,ANTIOQUIA,5042,SANTA FE DE ANTIOQUIA,7,CORPORACION,2,PRIVADA,2,INSTITUCION TECNOLOGICA,4,N/A,7,44,RESOLUCION
2822,ESCUELA SUPERIOR DE OFTALMOLOGIA INSTITUTO BARRAQUER DE AMERICA,860.054.986-9,,PRINCIPAL,11,BOGOTA D.C,11001,BOGOT¿ D.C.,7,CORPORACION,2,PRIVADA,3,INSTITUCION UNIVERSITARIA/ESCUELA TECNOLOGICA,4,N/A,7,1590,RESOLUCION
1808,UNIVERSIDAD LIBRE,860.013.798-5,1806,SECCIONAL,8,ATLANTICO,8001,BARRANQUILLA,7,CORPORACION,2,PRIVADA,4,UNIVERSIDAD,4,N/A,7,192,RESOLUCION
9131,FUNDACION UNIVERSITARIA CERVANTINA SAN AGUSTIN - UNICERVANTINA SAN AGUSTIN,9002941201,,PRINCIPAL,11,BOGOTA D.C,11001,BOGOT¿ D.C.,6,FUNDACION,2,PRIVADA,3,INSTITUCION UNIVERSITARIA/ESCUELA TECNOLOGICA,4,N/A,19,3600,NO INFORMA
9123,UNIVERSIDAD ANTONIO NARIÑO,860.056.070,1826,SECCIONAL,41,HUILA,41001,NEIVA,7,CORPORACION,2,PRIVADA,4,UNIVERSIDAD,4,N/A,19,4571,NO INFORMA
1204,UNIVERSIDAD INDUSTRIAL DE SANTANDER,890.201.213-4,,PRINCIPAL,68,SANTANDER,68001,BUCARAMANGA,4,DEPARTAMENTAL,1,OFICIAL,4,UNIVERSIDAD,3,REGISTRO ALTA CALIDAD,6,83,ORDENANZA
4721,FUNDACION UNIVERSITARIA HORIZONTE,860.516.580-6,,PRINCIPAL,11,BOGOTA D.C,11001,BOGOT¿ D.C.,6,FUNDACION,2,PRIVADA,3,INSTITUCION UNIVERSITARIA/ESCUELA TECNOLOGICA,4,N/A,7,11106,RESOLUCION
1824,UNIVERSIDAD METROPOLITANA,890.105.361-5,,PRINCIPAL,8,ATLANTICO,8001,BARRANQUILLA,7,CORPORACION,2,PRIVADA,4,UNIVERSIDAD,4,N/A,7,1052,RESOLUCION
1832,UNIVERSIDAD TECNOLOGICA DE BOLIVAR,890.401.962,,PRINCIPAL,13,BOLIVAR,13001,CARTAGENA,7,CORPORACION,2,PRIVADA,4,UNIVERSIDAD,3,REGISTRO ALTA CALIDAD,7,961,RESOLUCION
3302,INSTITUTO TECNOLOGICO METROPOLITANO,800214750-7,,PRINCIPAL,5,ANTIOQUIA,5001,MEDELLIN,3,MUNICIPAL,1,OFICIAL,3,INSTITUCION UNIVERSITARIA/ESCUELA TECNOLOGICA,3,REGISTRO ALTA CALIDAD,1,42,ACUERDO
2906,ESCUELA DE POSTGRADOS DE LA FUERZA AEREA COLOMBIANA CAPITAN JOSE EDMUNDO SANDOVAL - EPFAC,830.030.378 - 8,,PRINCIPAL,11,BOGOTA D.C,11001,BOGOT¿ D.C.,5,NACIONAL,1,OFICIAL,3,INSTITUCION UNIVERSITARIA/ESCUELA TECNOLOGICA,4,N/A,7,1906,RESOLUCION
1124,UNIVERSIDAD NACIONAL DE COLOMBIA,899.999.063-3,1101,SECCIONAL,81,ARAUCA,81001,ARAUCA,5,NACIONAL,1,OFICIAL,4,UNIVERSIDAD,3,REGISTRO ALTA CALIDAD,5,66,LEY
1104,UNIVERSIDAD NACIONAL DE COLOMBIA,899.999.063-3,1101,SECCIONAL,76,VALLE DEL CAUCA,76520,PALMIRA,5,NACIONAL,1,OFICIAL,4,UNIVERSIDAD,3,REGISTRO ALTA CALIDAD,5,66,LEY
1113,UNIVERSIDAD DE CORDOBA,891.080.031-3,,PRINCIPAL,23,CORDOBA,23001,MONTERIA,5,NACIONAL,1,OFICIAL,4,UNIVERSIDAD,4,N/A,5,37,LEY
3823,UNION AMERICANA DE EDUCACION SUPERIOR- UNION AMERICANA,800.042.129-3,,PRINCIPAL,11,BOGOTA D.C,11001,BOGOT¿ D.C.,7,CORPORACION,2,PRIVADA,2,INSTITUCION TECNOLOGICA,4,N/A,7,2214,RESOLUCION
4813,CORPORACION UNIFICADA NACIONAL DE EDUCACION SUPERIOR-CUN-,860401734-9,,PRINCIPAL,11,BOGOTA D.C,11001,BOGOT¿ D.C.,7,CORPORACION,2,PRIVADA,1,INSTITUCION TECNICA PROFESIONAL,4,N/A,7,1379,RESOLUCION
3824,ESCUELA SUPERIOR DE CIENCIAS EMPRESARIALES - ECIEM,800.113.262-0,,PRINCIPAL,11,BOGOTA D.C,11001,BOGOT¿ D.C.,7,CORPORACION,2,PRIVADA,2,INSTITUCION TECNOLOGICA,4,N/A,7,9121,RESOLUCION
1818,UNIVERSIDAD COOPERATIVA DE COLOMBIA,860.029.924-7,,PRINCIPAL,11,BOGOTA D.C,11001,BOGOT¿ D.C.,7,CORPORACION,2,PRIVADA,4,UNIVERSIDAD,4,N/A,19,SIN DATO,NO INFORMA
1223,UNIVERSIDAD DE ANTIOQUIA,890.980.040-8,1201,SECCIONAL,5,ANTIOQUIA,5837,TURBO,4,DEPARTAMENTAL,1,OFICIAL,4,UNIVERSIDAD,4,N/A,19,SIN DATO,NO INFORMA
3718,FUNDACION DE ESTUDIOS SUPERIORES COMFANORTE -F.E.S.C.-,800.235.151-5,,PRINCIPAL,54,NORTE DE SANTANDER,54001,CUCUTA,6,FUNDACION,2,PRIVADA,2,INSTITUCION TECNOLOGICA,4,N/A,7,4172,RESOLUCION
2723,FUNDACION UNIVERSITARIA AGRARIA DE COLOMBIA -UNIAGRARIA-,860531081-5,,PRINCIPAL,11,BOGOTA D.C,11001,BOGOT¿ D.C.,6,FUNDACION,2,PRIVADA,3,INSTITUCION UNIVERSITARIA/ESCUELA TECNOLOGICA,4,N/A,7,2599,RESOLUCION
3802,CENTRO EDUCACIONAL DE COMPUTOS Y SISTEMAS-CEDESISTEMAS-,NO INFORMA,,PRINCIPAL,5,ANTIOQUIA,5001,MEDELLIN,7,CORPORACION,2,PRIVADA,2,INSTITUCION TECNOLOGICA,4,N/A,7,12571,RESOLUCION
1210,UNIVERSIDAD FRANCISCO DE PAULA SANTANDER,801.631.300,1209,SECCIONAL,54,NORTE DE SANTANDER,54498,OCA?A,4,DEPARTAMENTAL,1,OFICIAL,4,UNIVERSIDAD,4,N/A,3,323,DECRETO
1733,UNIVERSIDAD SERGIO ARBOLEDA,860.351.894 -3,1728,SECCIONAL,47,MAGDALENA,47001,SANTA MARTA,6,FUNDACION,2,PRIVADA,4,UNIVERSIDAD,4,N/A,7,16377,RESOLUCION
9909,UNIVERSIDAD DEL VALLE,1,1203,SECCIONAL,76,VALLE DEL CAUCA,76895,ZARZAL,5,NACIONAL,1,OFICIAL,4,UNIVERSIDAD,4,N/A,6,12,ORDENANZA
1807,UNIVERSIDAD LIBRE,860.013.798-5,1806,SECCIONAL,76,VALLE DEL CAUCA,76001,CALI,7,CORPORACION,2,PRIVADA,4,UNIVERSIDAD,4,N/A,7,192,RESOLUCION
2736,FUNDACION UNIVERSITARIA SEMINARIO BIBLICO DE COLOMBIA,811.026.923,,PRINCIPAL,5,ANTIOQUIA,5001,MEDELLIN,6,FUNDACION,2,PRIVADA,3,INSTITUCION UNIVERSITARIA/ESCUELA TECNOLOGICA,4,N/A,7,3298,RESOLUCION
1109,UNIVERSIDAD PEDAGOGICA Y TECNOLOGICA DE COLOMBIA - UPTC,891800330-1,1106,SECCIONAL,15,BOYACA,15176,CHIQUINQUIRA,5,NACIONAL,1,OFICIAL,4,UNIVERSIDAD,3,REGISTRO ALTA CALIDAD,3,2655,DECRETO
2731,FUNDACION UNIVERSITARIA CATOLICA LUMEN GENTIUM,800.185.664-6,,PRINCIPAL,76,VALLE DEL CAUCA,76001,CALI,6,FUNDACION,2,PRIVADA,3,INSTITUCION UNIVERSITARIA/ESCUELA TECNOLOGICA,4,N/A,7,944,RESOLUCION
2301,UNIDAD CENTRAL DEL VALLE DEL CAUCA,891.900.853-0,,PRINCIPAL,76,VALLE DEL CAUCA,76834,TULUA,3,MUNICIPAL,1,OFICIAL,3,INSTITUCION UNIVERSITARIA/ESCUELA TECNOLOGICA,4,N/A,1,24,ACUERDO
2740,INSTITUCION UNIVERSITARIA COLOMBO AMERICANA - UNICA,830.088.283,,PRINCIPAL,11,BOGOTA D.C,11001,BOGOT¿ D.C.,6,FUNDACION,2,PRIVADA,3,INSTITUCION UNIVERSITARIA/ESCUELA TECNOLOGICA,4,N/A,7,849,RESOLUCION
9125,UNIVERSIDAD DE ANTIOQUIA,890.980.040-8,1201,SECCIONAL,5,ANTIOQUIA,5042,SANTA FE DE ANTIOQUIA,5,NACIONAL,1,OFICIAL,4,UNIVERSIDAD,4,N/A,19,SIN DATO,NO INFORMA
4827,CORPORACION EDUCATIVA INSTITUTO TECNICO SUPERIOR DE ARTES IDEARTES,NO INFORMA,,PRINCIPAL,5,ANTIOQUIA,5001,MEDELLIN,7,CORPORACION,2,PRIVADA,1,INSTITUCION TECNICA PROFESIONAL,4,N/A,7,11103,RESOLUCION
4835,CORPORACION EDUCATIVA TALLER 5 CENTRO DE DISEÑO,NO INFORMA,,PRINCIPAL,11,BOGOTA D.C,11001,BOGOT¿ D.C.,7,CORPORACION,2,PRIVADA,1,INSTITUCION TECNICA PROFESIONAL,4,N/A,7,11108,RESOLUCION
1815,CORPORACION UNIVERSIDAD PILOTO DE COLOMBIA,860.022.382-3,,PRINCIPAL,11,BOGOTA D.C,11001,BOGOT¿ D.C.,7,CORPORACION,2,PRIVADA,4,UNIVERSIDAD,4,N/A,7,3681,RESOLUCION
3806,CORPORACION ESCUELA SUPERIOR DE ADMINISTRACION Y ESTUDIOS TECNOLOGICOS- EAE,890309555-3,,PRINCIPAL,76,VALLE DEL CAUCA,76001,CALI,7,CORPORACION,2,PRIVADA,2,INSTITUCION TECNOLOGICA,4,N/A,7,4158,RESOLUCION
9127,CORPORACION UNIVERSITARIA DE SABANETA J. EMILIO VALDERRAMA,900.253.021-5,,PRINCIPAL,5,ANTIOQUIA,5631,SABANETA,7,CORPORACION,2,PRIVADA,3,INSTITUCION UNIVERSITARIA/ESCUELA TECNOLOGICA,4,N/A,7,7184,RESOLUCION
1809,UNIVERSIDAD LIBRE,860.013.798-5,1806,SECCIONAL,66,RISARALDA,66001,PEREIRA,7,CORPORACION,2,PRIVADA,4,UNIVERSIDAD,4,N/A,7,192,RESOLUCION
4709,ESCUELA DE ADMINISTRACION Y MERCADOTECNIA DEL QUINDIO E.A.M.,890.002.590,,PRINCIPAL,63,QUINDIO,63001,ARMENIA,6,FUNDACION,2,PRIVADA,1,INSTITUCION TECNICA PROFESIONAL,4,N/A,7,OJ032,RESOLUCION
3902,ESCUELA  MILITAR DE SUBOFICIALES SARGENTO INOCENCIO CHINCA,808000211,,PRINCIPAL,25,CUNDINAMARCA,25488,NILO,5,NACIONAL,1,OFICIAL,2,INSTITUCION TECNOLOGICA,4,N/A,19,SIN DATO,NO INFORMA
3830,CORPORACION UNIVERSAL DE INVESTIGACION Y TECNOLOGIA -CORUNIVERSITEC-,860.514.382-5,,PRINCIPAL,11,BOGOTA D.C,11001,BOGOT¿ D.C.,7,CORPORACION,2,PRIVADA,2,INSTITUCION TECNOLOGICA,4,N/A,7,2286,RESOLUCION
9912,UNIVERSIDAD DEL VALLE,1,1203,SECCIONAL,76,VALLE DEL CAUCA,76520,PALMIRA,5,NACIONAL,1,OFICIAL,4,UNIVERSIDAD,4,N/A,6,12,ORDENANZA
3820,CORPORACION ACADEMIA TECNOLOGICA DE COLOMBIA -ATEC-,NO INFORMA,,PRINCIPAL,5,ANTIOQUIA,5001,MEDELLIN,7,CORPORACION,2,PRIVADA,2,INSTITUCION TECNOLOGICA,4,N/A,7,13298,RESOLUCION
1729,UNIVERSIDAD EL BOSQUE,860.066.789-6,,PRINCIPAL,11,BOGOTA D.C,11001,BOGOT¿ D.C.,6,FUNDACION,2,PRIVADA,4,UNIVERSIDAD,4,N/A,7,11153,RESOLUCION
9124,FUNDACION TECNOLOGICA RURAL COREDI - FUNTEC,900175084-4,,PRINCIPAL,5,ANTIOQUIA,5440,MARINILLA,6,FUNDACION,2,PRIVADA,2,INSTITUCION TECNOLOGICA,4,N/A,19,1896,NO INFORMA
1826,UNIVERSIDAD ANTONIO NARIÑO,860.056.070,,PRINCIPAL,11,BOGOTA D.C,11001,BOGOT¿ D.C.,7,CORPORACION,2,PRIVADA,4,UNIVERSIDAD,4,N/A,7,4571,RESOLUCION
9104,ESCUELA MILITAR DE CADETES GENERAL JOSE MARIA CORDOVA,NO INFORMA,,PRINCIPAL,11,BOGOTA D.C,11001,BOGOT¿ D.C.,5,NACIONAL,1,OFICIAL,3,INSTITUCION UNIVERSITARIA/ESCUELA TECNOLOGICA,4,N/A,19,30,NO INFORMA
2744,INSTITUCION UNIVERSITARIA CENTRO DE ESTUDIOS SUPERIORES MARIA GORETTI,800109387-7,,PRINCIPAL,52,NARINIO,52001,PASTO,6,FUNDACION,2,PRIVADA,3,INSTITUCION UNIVERSITARIA/ESCUELA TECNOLOGICA,4,N/A,7,10735,RESOLUCION
9919,TECNOLOGICO DE ENERGIA E INNOVACION-  E-LERNOVA,900720515-5,,PRINCIPAL,25,CUNDINAMARCA,25175,CHIA,6,FUNDACION,2,PRIVADA,2,INSTITUCION TECNOLOGICA,4,N/A,19,4283,NO INFORMA
4808,CORPORACION REGIONAL DE EDUCACION SUPERIOR-CRES-DE CALI,890.328.023-8,,PRINCIPAL,76,VALLE DEL CAUCA,76001,CALI,7,CORPORACION,2,PRIVADA,1,INSTITUCION TECNICA PROFESIONAL,4,N/A,7,1998,RESOLUCION
9112,SERVICIO NACIONAL DE APRENDIZAJE-SENA-,899.999.034-1,9110,SECCIONAL,5,ANTIOQUIA,5001,MEDELLIN,5,NACIONAL,1,OFICIAL,2,INSTITUCION TECNOLOGICA,4,N/A,19,30,NO INFORMA
3720,FUNDACION UNIVERSITARIA ESUMER,890981796-1,,PRINCIPAL,5,ANTIOQUIA,5001,MEDELLIN,6,FUNDACION,2,PRIVADA,3,INSTITUCION UNIVERSITARIA/ESCUELA TECNOLOGICA,4,N/A,7,2389,RESOLUCION
3817,CORPORACION UNIVERSITARIA AUTONOMA DE NARIÑO -AUNAR-,NO INFORMA,,PRINCIPAL,52,NARINIO,52001,PASTO,7,CORPORACION,2,PRIVADA,3,INSTITUCION UNIVERSITARIA/ESCUELA TECNOLOGICA,4,N/A,7,1054,RESOLUCION
2727,FUNDACION UNIVERSITARIA-CEIPA-,890910961-7,,PRINCIPAL,5,ANTIOQUIA,5631,SABANETA,6,FUNDACION,2,PRIVADA,3,INSTITUCION UNIVERSITARIA/ESCUELA TECNOLOGICA,4,N/A,7,6266,RESOLUCION
2825,CORPORACION UNIVERSITARIA RAFAEL NUÑEZ,890.481.276-8,,PRINCIPAL,13,BOLIVAR,13001,CARTAGENA,7,CORPORACION,2,PRIVADA,3,INSTITUCION UNIVERSITARIA/ESCUELA TECNOLOGICA,4,N/A,7,6644,RESOLUCION
2708,UNIVERSIDAD CES,890.984.002-6,,PRINCIPAL,5,ANTIOQUIA,5001,MEDELLIN,6,FUNDACION,2,PRIVADA,4,UNIVERSIDAD,3,REGISTRO ALTA CALIDAD,7,11154,RESOLUCION
1123,UNIVERSIDAD POPULAR DEL CESAR,892.300.285-6,1120,SECCIONAL,20,CESAR,20011,AGUACHICA,5,NACIONAL,1,OFICIAL,4,UNIVERSIDAD,4,N/A,5,34,LEY
1722,UNIVERSIDAD DE MANIZALES,890.086.001-7,,PRINCIPAL,17,CALDAS,17001,MANIZALES,6,FUNDACION,2,PRIVADA,4,UNIVERSIDAD,3,REGISTRO ALTA CALIDAD,7,314,RESOLUCION
2712,FUNDACION UNIVERSITARIA KONRAD LORENZ,860.504.759-5,,PRINCIPAL,11,BOGOTA D.C,11001,BOGOT¿ D.C.,6,FUNDACION,2,PRIVADA,3,INSTITUCION UNIVERSITARIA/ESCUELA TECNOLOGICA,4,N/A,7,18537,RESOLUCION
1828,UNIVERSIDAD ICESI,890.316.745-5,,PRINCIPAL,76,VALLE DEL CAUCA,76001,CALI,7,CORPORACION,2,PRIVADA,4,UNIVERSIDAD,3,REGISTRO ALTA CALIDAD,7,11677,RESOLUCION
2847,CORPORACION UNIVERSITARIA DE INVESTIGACION Y DESARROLLO - UDI,890.212.433-5,,PRINCIPAL,68,SANTANDER,68001,BUCARAMANGA,7,CORPORACION,2,PRIVADA,3,INSTITUCION UNIVERSITARIA/ESCUELA TECNOLOGICA,4,N/A,7,22195,RESOLUCION
4107,INSTITUTO TECNICO AGRICOLA ITA,800.124.023-4,,PRINCIPAL,76,VALLE DEL CAUCA,76111,GUADALAJARA DE BUGA,3,MUNICIPAL,1,OFICIAL,1,INSTITUCION TECNICA PROFESIONAL,4,N/A,3,603,DECRETO
2106,DIRECCION NACIONAL DE ESCUELAS,900373379-0,,PRINCIPAL,11,BOGOTA D.C,11001,BOGOT¿ D.C.,5,NACIONAL,1,OFICIAL,3,INSTITUCION UNIVERSITARIA/ESCUELA TECNOLOGICA,3,REGISTRO ALTA CALIDAD,5,14,LEY
3809,INSTITUTO SUPERIOR DE CIENCIAS SOCIALES Y ECONOMICO FAMILIARES-ICSEF-,860.032.286-7,,PRINCIPAL,11,BOGOTA D.C,11001,BOGOT¿ D.C.,7,CORPORACION,2,PRIVADA,2,INSTITUCION TECNOLOGICA,4,N/A,7,1667,RESOLUCION
3803,CORPORACION UNIVERSITARIA CENTRO SUPERIOR - UNICUCES,NO INFORMA,,PRINCIPAL,76,VALLE DEL CAUCA,76001,CALI,7,CORPORACION,2,PRIVADA,3,INSTITUCION UNIVERSITARIA/ESCUELA TECNOLOGICA,4,N/A,7,7464,RESOLUCION
1706,UNIVERSIDAD EXTERNADO DE COLOMBIA,860.014.918-7,,PRINCIPAL,11,BOGOTA D.C,11001,BOGOT¿ D.C.,6,FUNDACION,2,PRIVADA,4,UNIVERSIDAD,3,REGISTRO ALTA CALIDAD,7,92,RESOLUCION
4705,FUNDACION CENTRO DE EDUCACION SUPERIORINVESTIGACION Y PROFESIONALIZACION -CEDINPRO-,860.512.509-4,,PRINCIPAL,11,BOGOTA D.C,11001,BOGOT¿ D.C.,6,FUNDACION,2,PRIVADA,1,INSTITUCION TECNICA PROFESIONAL,4,N/A,7,1000,RESOLUCION
2207,INSTITUTO UNIVERSITARIO DE LA PAZ,800.024.581-3,,PRINCIPAL,68,SANTANDER,68081,BARRANCABERMEJA,4,DEPARTAMENTAL,1,OFICIAL,3,INSTITUCION UNIVERSITARIA/ESCUELA TECNOLOGICA,4,N/A,19,331,NO INFORMA
3812,CORPORACION POLITECNICO MARCO FIDEL SUAREZ,NO INFORMA,,PRINCIPAL,5,ANTIOQUIA,5088,BELLO,7,CORPORACION,2,PRIVADA,2,INSTITUCION TECNOLOGICA,4,N/A,7,5060,RESOLUCION
1110,UNIVERSIDAD DEL CAUCA,891.500.319-2,,PRINCIPAL,19,CAUCA,19001,POPAYAN,5,NACIONAL,1,OFICIAL,4,UNIVERSIDAD,3,REGISTRO ALTA CALIDAD,3,0,DECRETO
2745,UNIPANAMERICANA - FUNDACION UNIVERSITARIA PANAMERICANA,860.506.140-6,,PRINCIPAL,11,BOGOTA D.C,11001,BOGOT¿ D.C.,6,FUNDACION,2,PRIVADA,3,INSTITUCION UNIVERSITARIA/ESCUELA TECNOLOGICA,4,N/A,7,23635,RESOLUCION
1730,UNIVERSIDAD PONTIFICIA BOLIVARIANA,890.902.922-6,1710,SECCIONAL,76,VALLE DEL CAUCA,76520,PALMIRA,6,FUNDACION,2,PRIVADA,4,UNIVERSIDAD,4,N/A,7,48,RESOLUCION
1220,UNIVERSIDAD DE ANTIOQUIA,890.980.040-8,1201,SECCIONAL,5,ANTIOQUIA,5034,ANDES,4,DEPARTAMENTAL,1,OFICIAL,4,UNIVERSIDAD,4,N/A,19,SIN DATO,NO INFORMA
2709,FUNDACION UNIVERSITARIA SAN MARTIN,NO INFORMA,,PRINCIPAL,11,BOGOTA D.C,11001,BOGOT¿ D.C.,6,FUNDACION,2,PRIVADA,3,INSTITUCION UNIVERSITARIA/ESCUELA TECNOLOGICA,4,N/A,7,12387,RESOLUCION
1114,UNIVERSIDAD SURCOLOMBIANA,891.180.084-2,,PRINCIPAL,41,HUILA,41001,NEIVA,5,NACIONAL,1,OFICIAL,4,UNIVERSIDAD,4,N/A,5,13,LEY
4812,CORPORACION CENTRO DE NUESTRA SEÑORA DE LAS MERCEDES,860.519.585-6,,PRINCIPAL,11,BOGOTA D.C,11001,BOGOT¿ D.C.,7,CORPORACION,2,PRIVADA,1,INSTITUCION TECNICA PROFESIONAL,4,N/A,7,1311,RESOLUCION
2850,CORPORACION UNIVERSITARIA ANTONIO JOSE DE SUCRE - CORPOSUCRE,823.004.609 D.V.9,,PRINCIPAL,70,SUCRE,70001,SINCELEJO,7,CORPORACION,2,PRIVADA,3,INSTITUCION UNIVERSITARIA/ESCUELA TECNOLOGICA,4,N/A,7,2302,RESOLUCION
9122,UNIVERSIDAD MANUELA BELTRAN-UMB-,860.517.647-5,1735,SECCIONAL,68,SANTANDER,68001,BUCARAMANGA,6,FUNDACION,2,PRIVADA,4,UNIVERSIDAD,4,N/A,7,11110,RESOLUCION
2905,CENTRO DE EDUCACION MILITAR - CEMIL,830028487,,PRINCIPAL,11,BOGOTA D.C,11001,BOGOT¿ D.C.,5,NACIONAL,1,OFICIAL,3,INSTITUCION UNIVERSITARIA/ESCUELA TECNOLOGICA,4,N/A,19,10,NO INFORMA
4112,COLEGIO INTEGRADO NACIONAL ORIENTE DE CALDAS - IES CINOC,890.802.678-4,,PRINCIPAL,17,CALDAS,17541,PENSILVANIA,4,DEPARTAMENTAL,1,OFICIAL,1,INSTITUCION TECNICA PROFESIONAL,4,N/A,3,37,DECRETO
2848,CORPORACION UNIVERSITARIA  UNITEC,860.510.627-6,,PRINCIPAL,11,BOGOTA D.C,11001,BOGOT¿ D.C.,7,CORPORACION,2,PRIVADA,3,INSTITUCION UNIVERSITARIA/ESCUELA TECNOLOGICA,4,N/A,7,2012,RESOLUCION
2828,CORPORACION UNIVERSITARIA DEL HUILA-CORHUILA-,800.107.584-2,,PRINCIPAL,41,HUILA,41001,NEIVA,7,CORPORACION,2,PRIVADA,3,INSTITUCION UNIVERSITARIA/ESCUELA TECNOLOGICA,4,N/A,7,21000,RESOLUCION
2737,FUNDACION UNIVERSITARIA DEL AREA ANDINA,860.517.302-1,2728,SECCIONAL,66,RISARALDA,66001,PEREIRA,6,FUNDACION,2,PRIVADA,3,INSTITUCION UNIVERSITARIA/ESCUELA TECNOLOGICA,4,N/A,7,22215,RESOLUCION
4301,UNIDAD TECNICA PROFESIONAL DE SEVILLA-UNITEPS-,NO INFORMA,,PRINCIPAL,76,VALLE DEL CAUCA,76736,SEVILLA,3,MUNICIPAL,1,OFICIAL,1,INSTITUCION TECNICA PROFESIONAL,4,N/A,1,11,ACUERDO
1816,UNIVERSIDAD COOPERATIVA DE COLOMBIA,860.029.924-7,1818,SECCIONAL,5,ANTIOQUIA,5001,MEDELLIN,7,CORPORACION,2,PRIVADA,4,UNIVERSIDAD,4,N/A,19,SIN DATO,NO INFORMA
1701,PONTIFICIA UNIVERSIDAD JAVERIANA,860.013.720-1,,PRINCIPAL,11,BOGOTA D.C,11001,BOGOT¿ D.C.,6,FUNDACION,2,PRIVADA,4,UNIVERSIDAD,3,REGISTRO ALTA CALIDAD,7,73,RESOLUCION
3821,CORPORACION POLITECNICO DE LA COSTA ATLANTICA,800.036.652-1,,PRINCIPAL,8,ATLANTICO,8001,BARRANQUILLA,7,CORPORACION,2,PRIVADA,2,INSTITUCION TECNOLOGICA,4,N/A,7,5814,RESOLUCION
2725,POLITECNICO GRANCOLOMBIANO,860.078.643-1,,PRINCIPAL,11,BOGOTA D.C,11001,BOGOT¿ D.C.,6,FUNDACION,2,PRIVADA,3,INSTITUCION UNIVERSITARIA/ESCUELA TECNOLOGICA,4,N/A,7,19349,RESOLUCION
2810,CORPORACION UNIVERSIDAD DE LA COSTA CUC,NO INFORMA,,PRINCIPAL,8,ATLANTICO,8001,BARRANQUILLA,7,CORPORACION,2,PRIVADA,4,UNIVERSIDAD,4,N/A,7,352,RESOLUCION
1208,UNIVERSIDAD DEL QUINDIO,890.000.432-8,,PRINCIPAL,63,QUINDIO,63001,ARMENIA,4,DEPARTAMENTAL,1,OFICIAL,4,UNIVERSIDAD,4,N/A,1,23,ACUERDO
2208,CONSERVATORIO DEL TOLIMA,890.700.906-0,,PRINCIPAL,73,TOLIMA,73001,IBAGUE,4,DEPARTAMENTAL,1,OFICIAL,3,INSTITUCION UNIVERSITARIA/ESCUELA TECNOLOGICA,4,N/A,6,42,ORDENANZA
2815,CORPORACION UNIVERSITARIA ADVENTISTA - UNAC,NO INFORMA,,PRINCIPAL,5,ANTIOQUIA,5001,MEDELLIN,7,CORPORACION,2,PRIVADA,3,INSTITUCION UNIVERSITARIA/ESCUELA TECNOLOGICA,4,N/A,7,8529,RESOLUCION
4714,FUNDACION INTERAMERICANA TECNICA-FIT-,860.055.057,,PRINCIPAL,11,BOGOTA D.C,11001,BOGOT¿ D.C.,6,FUNDACION,2,PRIVADA,1,INSTITUCION TECNICA PROFESIONAL,4,N/A,7,954,RESOLUCION
1708,FUNDACION UNIVERSIDAD DE BOGOTA - JORGE TADEO LOZANO,860.006.848-6,1707,SECCIONAL,13,BOLIVAR,13001,CARTAGENA,6,FUNDACION,2,PRIVADA,4,UNIVERSIDAD,4,N/A,7,2613,RESOLUCION
4701,FUNDACION ACADEMIA DE DIBUJO PROFESIONAL,NO INFORMA,,PRINCIPAL,76,VALLE DEL CAUCA,76001,CALI,6,FUNDACION,2,PRIVADA,1,INSTITUCION TECNICA PROFESIONAL,4,N/A,7,18638,RESOLUCION
1801,UNIVERSIDAD LA GRAN COLOMBIA,860.015.685,,PRINCIPAL,11,BOGOTA D.C,11001,BOGOT¿ D.C.,7,CORPORACION,2,PRIVADA,4,UNIVERSIDAD,4,N/A,7,47,RESOLUCION
2704,COLEGIO DE ESTUDIOS SUPERIORES DE ADMINISTRACION-CESA-,860.045.740,,PRINCIPAL,11,BOGOTA D.C,11001,BOGOT¿ D.C.,6,FUNDACION,2,PRIVADA,3,INSTITUCION UNIVERSITARIA/ESCUELA TECNOLOGICA,3,REGISTRO ALTA CALIDAD,7,5157,RESOLUCION
3801,CORPORACION DE ESTUDIOS TECNOLOGICOS DEL NORTE DEL VALLE,891.401.313-4,,PRINCIPAL,76,VALLE DEL CAUCA,76147,CARTAGO,7,CORPORACION,2,PRIVADA,2,INSTITUCION TECNOLOGICA,4,N/A,7,3712,RESOLUCION
1209,UNIVERSIDAD FRANCISCO DE PAULA SANTANDER,890.500.622,,PRINCIPAL,54,NORTE DE SANTANDER,54001,CUCUTA,4,DEPARTAMENTAL,1,OFICIAL,4,UNIVERSIDAD,4,N/A,3,323,DECRETO
2739,FUNDACION DE ESTUDIOS SUPERIORES UNIVERSITARIOS DE URABA ANTONIO ROLDAN BETANCUR,811028521-1,,PRINCIPAL,5,ANTIOQUIA,5045,APARTADO,6,FUNDACION,2,PRIVADA,3,INSTITUCION UNIVERSITARIA/ESCUELA TECNOLOGICA,4,N/A,7,596,RESOLUCION
1126,UNIVERSIDAD NACIONAL DE COLOMBIA,899.999.063-3,1101,SECCIONAL,88,SAN ANDRES Y PROVIDENCIA,88001,SAN ANDRES,5,NACIONAL,1,OFICIAL,4,UNIVERSIDAD,3,REGISTRO ALTA CALIDAD,5,66,LEY
1813,UNIVERSIDAD DE LOS ANDES,860.007.386-1,,PRINCIPAL,11,BOGOTA D.C,11001,BOGOT¿ D.C.,7,CORPORACION,2,PRIVADA,4,UNIVERSIDAD,3,REGISTRO ALTA CALIDAD,7,28,RESOLUCION
3104,COLEGIO MAYOR DEL CAUCA,NO INFORMA,,PRINCIPAL,19,CAUCA,19001,POPAYAN,4,DEPARTAMENTAL,1,OFICIAL,3,INSTITUCION UNIVERSITARIA/ESCUELA TECNOLOGICA,4,N/A,7,524,RESOLUCION
9902,FUNDACION UNIVERSITARIA COMFENALCO SANTANDER,900395956-5,,PRINCIPAL,68,SANTANDER,68001,BUCARAMANGA,6,FUNDACION,2,PRIVADA,3,INSTITUCION UNIVERSITARIA/ESCUELA TECNOLOGICA,4,N/A,19,8562,NO INFORMA
3117,INSTITUTO TECNOLOGICO DE SOLEDAD ATLANTICO,802.011.065,,PRINCIPAL,8,ATLANTICO,8758,SOLEDAD,4,DEPARTAMENTAL,1,OFICIAL,2,INSTITUCION TECNOLOGICA,4,N/A,5,391,LEY
2719,FUNDACION UNIVERSITARIA LUIS AMIGO FUNLAM,890985189,,PRINCIPAL,5,ANTIOQUIA,5001,MEDELLIN,6,FUNDACION,2,PRIVADA,3,INSTITUCION UNIVERSITARIA/ESCUELA TECNOLOGICA,4,N/A,7,17701,RESOLUCION
9115,SERVICIO NACIONAL DE APRENDIZAJE-SENA-,899.999.034-1,9110,SECCIONAL,76,VALLE DEL CAUCA,76111,GUADALAJARA DE BUGA,5,NACIONAL,1,OFICIAL,2,INSTITUCION TECNOLOGICA,4,N/A,19,30,NO INFORMA
2206,INSTITUTO DEPARTAMENTAL DE BELLAS ARTES,890.325.989-3,,PRINCIPAL,76,VALLE DEL CAUCA,76001,CALI,4,DEPARTAMENTAL,1,OFICIAL,3,INSTITUCION UNIVERSITARIA/ESCUELA TECNOLOGICA,4,N/A,6,8,ORDENANZA
9128,LCI - FUNDACION TECNOLOGICA,900262351,,PRINCIPAL,11,BOGOTA D.C,11001,BOGOT¿ D.C.,6,FUNDACION,2,PRIVADA,2,INSTITUCION TECNOLOGICA,4,N/A,7,8973,RESOLUCION
3706,FUNDACION CENTRO COLOMBIANO DE ESTUDIOS PROFESIONALES -F.C.E.C.E.P.,NO INFORMA,,PRINCIPAL,76,VALLE DEL CAUCA,76001,CALI,6,FUNDACION,2,PRIVADA,2,INSTITUCION TECNOLOGICA,4,N/A,7,11967,RESOLUCION
1803,UNIVERSIDAD DE LA SALLE,860.013.720-1,,PRINCIPAL,11,BOGOTA D.C,11001,BOGOT¿ D.C.,7,CORPORACION,2,PRIVADA,4,UNIVERSIDAD,3,REGISTRO ALTA CALIDAD,7,597,RESOLUCION
4818,CORPORACION UNIVERSITARIA LATINOAMERICANA - CUL,890.103.657-0,,PRINCIPAL,8,ATLANTICO,8001,BARRANQUILLA,7,CORPORACION,2,PRIVADA,3,INSTITUCION UNIVERSITARIA/ESCUELA TECNOLOGICA,4,N/A,7,273,RESOLUCION
2842,CORPORACION UNIVERSITARIA REFORMADA - CUR -,802017254-8,,PRINCIPAL,8,ATLANTICO,8001,BARRANQUILLA,7,CORPORACION,2,PRIVADA,3,INSTITUCION UNIVERSITARIA/ESCUELA TECNOLOGICA,4,N/A,7,1021,RESOLUCION
1811,UNIVERSIDAD LIBRE,860.013.798-5,1806,SECCIONAL,68,SANTANDER,68755,SOCORRO,7,CORPORACION,2,PRIVADA,4,UNIVERSIDAD,4,N/A,7,192,RESOLUCION
1833,UNIVERSIDAD DEL SINU - ELIAS BECHARA ZAINUM - UNISINU -,891.000.692-1,,PRINCIPAL,23,CORDOBA,23001,MONTERIA,7,CORPORACION,2,PRIVADA,4,UNIVERSIDAD,4,N/A,7,12154,RESOLUCION
4109,INSTITUTO TECNICO NACIONAL DE COMERCIO SIMON RODRIGUEZ - INTENALCO,800.248.004,,PRINCIPAL,76,VALLE DEL CAUCA,76001,CALI,5,NACIONAL,1,OFICIAL,1,INSTITUCION TECNICA PROFESIONAL,4,N/A,7,20500,RESOLUCION
4102,INSTITUTO NACIONAL DE FORMACION TECNICA PROFESIONAL DE SAN JUAN DEL CESAR,860.402.193-9,,PRINCIPAL,44,GUAJIRA,44650,SAN JUAN DEL CESAR,5,NACIONAL,1,OFICIAL,1,INSTITUCION TECNICA PROFESIONAL,4,N/A,3,1098,DECRETO
9105,ESCUELA NAVAL DE CADETES ALMIRANTE PADILLA,NO INFORMA,,PRINCIPAL,13,BOLIVAR,13001,CARTAGENA,5,NACIONAL,1,OFICIAL,4,UNIVERSIDAD,4,N/A,3,793,DECRETO
2701,INSTITUCION UNIVERSITARIA COLEGIOS DE COLOMBIA - UNICOC,NO INFORMA,,PRINCIPAL,11,BOGOTA D.C,11001,BOGOT¿ D.C.,6,FUNDACION,2,PRIVADA,3,INSTITUCION UNIVERSITARIA/ESCUELA TECNOLOGICA,4,N/A,7,1384,RESOLUCION
3901,ESCUELA DE FORMACION DE INFANTERIA DE MARINA,800141688,,PRINCIPAL,70,SUCRE,70221,COVEAS (SUCRE),5,NACIONAL,1,OFICIAL,2,INSTITUCION TECNOLOGICA,4,N/A,19,SIN DATO,NO INFORMA
1202,UNIVERSIDAD DEL ATLANTICO,890.102.257-3,,PRINCIPAL,8,ATLANTICO,8001,BARRANQUILLA,4,DEPARTAMENTAL,1,OFICIAL,4,UNIVERSIDAD,4,N/A,6,42,ORDENANZA
2824,CORPORACION UNIVERSITARIA DE COLOMBIA IDEAS,860.524.958,,PRINCIPAL,11,BOGOTA D.C,11001,BOGOT¿ D.C.,7,CORPORACION,2,PRIVADA,3,INSTITUCION UNIVERSITARIA/ESCUELA TECNOLOGICA,4,N/A,7,22185,RESOLUCION
1107,UNIVERSIDAD PEDAGOGICA Y TECNOLOGICA DE COLOMBIA - UPTC,891800330-1,1106,SECCIONAL,15,BOYACA,15238,DUITAMA,5,NACIONAL,1,OFICIAL,4,UNIVERSIDAD,3,REGISTRO ALTA CALIDAD,3,2655,DECRETO
3724,FUNDACION TECNOLOGICA DE MADRID,832.005.942-4,,PRINCIPAL,25,CUNDINAMARCA,25430,MADRID,6,FUNDACION,2,PRIVADA,2,INSTITUCION TECNOLOGICA,4,N/A,7,1833,RESOLUCION
1715,FUNDACION UNIVERSIDAD DE AMERICA,860.006.806,,PRINCIPAL,11,BOGOTA D.C,11001,BOGOT¿ D.C.,6,FUNDACION,2,PRIVADA,4,UNIVERSIDAD,4,N/A,7,417,RESOLUCION
1827,UNIVERSIDAD CATOLICA DE MANIZALES,890806477-9,,PRINCIPAL,17,CALDAS,17001,MANIZALES,7,CORPORACION,2,PRIVADA,4,UNIVERSIDAD,4,N/A,3,271,DECRETO
3103,COLEGIO MAYOR DE BOLIVAR,890.480.054,,PRINCIPAL,13,BOLIVAR,13001,CARTAGENA,3,MUNICIPAL,1,OFICIAL,2,INSTITUCION TECNOLOGICA,4,N/A,5,48,LEY
9103,ESCUELA MILITAR DE AVIACION MARCO FIDEL SUAREZ,800.141.621,,PRINCIPAL,76,VALLE DEL CAUCA,76001,CALI,5,NACIONAL,1,OFICIAL,3,INSTITUCION UNIVERSITARIA/ESCUELA TECNOLOGICA,4,N/A,3,2247,DECRETO
9117,FUNDACION POLITECNICA - CORPO,1900093502-9,,PRINCIPAL,11,BOGOTA D.C,11001,BOGOT¿ D.C.,6,FUNDACION,2,PRIVADA,1,INSTITUCION TECNICA PROFESIONAL,4,N/A,7,3623,RESOLUCION
1106,UNIVERSIDAD PEDAGOGICA Y TECNOLOGICA DE COLOMBIA - UPTC,891800330-1,,PRINCIPAL,15,BOYACA,15001,TUNJA,5,NACIONAL,1,OFICIAL,4,UNIVERSIDAD,3,REGISTRO ALTA CALIDAD,3,2655,DECRETO
1714,COLEGIO MAYOR DE NUESTRA SEÑORA DEL ROSARIO,860.007.759,,PRINCIPAL,11,BOGOTA D.C,11001,BOGOT¿ D.C.,6,FUNDACION,2,PRIVADA,4,UNIVERSIDAD,3,REGISTRO ALTA CALIDAD,7,58,RESOLUCION
1213,UNIVERSIDAD DEL MAGDALENA - UNIMAGDALENA,891.780.111-8,,PRINCIPAL,47,MAGDALENA,47001,SANTA MARTA,4,DEPARTAMENTAL,1,OFICIAL,4,UNIVERSIDAD,4,N/A,6,5,ORDENANZA
5802,UNIVERSIDAD ECCI,860.401.496-0,,PRINCIPAL,11,BOGOTA D.C,11001,BOGOT¿ D.C.,7,CORPORACION,2,PRIVADA,4,UNIVERSIDAD,4,N/A,7,2683,RESOLUCION
1728,UNIVERSIDAD SERGIO ARBOLEDA,860.351.894,,PRINCIPAL,11,BOGOTA D.C,11001,BOGOT¿ D.C.,6,FUNDACION,2,PRIVADA,4,UNIVERSIDAD,3,REGISTRO ALTA CALIDAD,7,16377,RESOLUCION
2209,POLITECNICO COLOMBIANO JAIME ISAZA CADAVID,890.980.136-6,,PRINCIPAL,5,ANTIOQUIA,5001,MEDELLIN,4,DEPARTAMENTAL,1,OFICIAL,3,INSTITUCION UNIVERSITARIA/ESCUELA TECNOLOGICA,4,N/A,3,33,DECRETO
1207,UNIVERSIDAD DEL TOLIMA,890.700.640,,PRINCIPAL,73,TOLIMA,73001,IBAGUE,4,DEPARTAMENTAL,1,OFICIAL,4,UNIVERSIDAD,4,N/A,6,5,ORDENANZA
